"GM18558","GM18960","GM19240","Guchi","Jaqo","Jingjing"
"(CATTC)n",10.5309268170589,40.258997781171,44.4605315298369,13.1134646158844,44.2470913519061,1.35557374040145
"(GAATG)n",21.0618536341179,51.7615685757913,13.6801635476421,0,0,0
"7SK",18.8052264590338,11.5025707946203,41.0404906429264,86.9629758737595,93.5349905793457,172.157865030984
"ACRO1",63.937769960715,2.87564269865507,85.5010221727632,0,0,0
"ALR/Alpha",164.733783781136,668.586927437304,524.976276140766,1236.80676798236,909.025686887893,760.476868365213
"AluJb",21896.0534798406,18470.2530534615,21310.2747663395,14829.9481158688,15405.2689573946,28923.8768989457
"AluJo",12077.4686410499,10854.1133660736,10680.7876898216,5250.90730513938,6023.20532149871,19485.0169445304
"AluJr4",2713.97028256776,2324.95712186262,2850.60407923993,876.53158221964,1061.93019244575,1577.88783382729
"AluJr",12877.8190791464,11367.4155877835,11234.8343135011,13184.5533977494,14690.0343288328,28049.5318363868
"AluSc5",911.677378733959,872.757559041814,892.630671483648,321.624974263269,373.579872553435,605.941461959448
"AluSc8",5578.38237680779,2900.08566159364,3491.86174553565,2232.04971409316,2434.71020388273,4648.26235583657
"AluSc",4322.19324934433,3618.99633625741,4213.49037267377,3820.84947965978,4879.50202351653,7135.74016947323
"AluSg4",1167.42845857682,1107.1224389822,1261.99508726999,1795.85447002795,1927.26887774568,3974.54220685705
"AluSg7",1109.50836108299,948.962090556173,990.101836760598,568.020072572255,603.216675772188,615.430478142258
"AluSg",6605.8999505294,5578.74683539084,7380.44823395292,6019.08025869093,9270.04568310629,16086.593577344
"AluSp",8718.10298640807,7808.80774819785,8837.38565177681,10624.6670682592,12391.4259375895,37759.5065388824
"AluSq10",342.255121554415,255.932200180301,225.722698536095,118.021181542959,154.584774849697,206.04720854102
"AluSq2",8372.83902862021,7030.94639821165,8360.28994805279,6272.37718048196,7155.14673443798,11127.9048349555
"AluSq4",162.477156606052,122.214814692841,189.812269223534,135.965922596275,157.385223669438,244.003273272261
"AluSq",3897.19513137017,3166.08261121923,4254.5308633167,1608.12487131635,2011.28234233791,3759.00598213322
"AluSx1",18453.1926197207,15125.8805949257,18011.6453309143,16864.6056783755,19589.6995838515,35975.5714965141
"AluSx3",4400.42299141391,3764.21629253949,4064.71859409316,4043.77837812982,5043.0482345894,8876.29685214869
"AluSx4",995.172584212069,763.483136492921,1315.0057210171,1364.49050240018,1315.09076575032,2830.43796995823
"AluSx",21049.0660801257,17910.9405485731,20299.6526842574,14534.5500708373,30592.6629966134,56692.8049710694
"AluSz6",7238.50776861129,6366.67293482233,7537.77011475081,5320.61572230803,5603.13799853757,9217.90143472986
"AluSz",16028.8228246221,13180.5083092855,16723.9999369925,15865.9118205237,20229.8821840442,42239.6777509092
"AluY",14261.1315374729,11965.5492691037,15651.817118946,14592.5253880865,19481.0421696455,42371.1684037281
"AluYa5",212.875163516263,166.787276521994,169.292023902071,13.8036469640888,8.96143622317085,0
"AluYa8",9.02650870033623,17.2538561919304,0,24.8465645353599,21.8435007939789,5.4222949616058
"AluYb8",156.459484139161,138.030849535443,234.272800753371,1.38036469640888,7.84125669527449,2.7111474808029
"AluYb9",20.3096445757565,23.0051415892406,0,2.07054704461332,2.80044881974089,16.2668848848174
"AluYc3",70.7076514859671,67.5776034183942,135.091615032966,33.1287527138131,36.4058346566316,92.1790143472986
"AluYc",457.343107483702,345.077123838608,543.786501018774,906.20942319243,884.941827038121,1839.51356572477
"AluYd8",14.2919721088657,18.691677541258,0,0,1.68026929184453,0
"AluYg6",29.3361532760927,27.3186056372232,44.4605315298369,44.8618526332886,47.6076299355951,8.1334424424087
"AluYh9",8.27429964197488,10.0647494452927,0,11.042917571271,6.16098740342996,21.6891798464232
"AluYk11",39.1148710347903,64.7019607197391,58.140695077479,3.4509117410222,2.24035905579271,0
"AluYk12",6.01767246689082,7.18910674663768,0,0,0,0
"AluYk4",139.15867579685,89.1449236583072,230.852759866461,49.0029467225153,55.4488866308696,62.3563920584667
"AmnSINE1",57.9200974938241,66.1397820690666,0,138.036469640888,165.786570128661,239.936552051057
"Arthur1",86.5040417115555,110.71224389822,37.6204497560158,284.35512746023,346.135474119974,105.734751751313
"Arthur1A",65.4421880774377,71.8910674663768,82.0809812858527,42.7913055886753,54.8887968669215,71.8454082412769
"Arthur1B",83.4952054781101,73.3288888157043,92.3411039465843,126.303369721413,92.9749008153976,323.982123955947
"Arthur1C",25.575107984286,30.1942483358782,0,11.042917571271,25.204039377668,24.4003273272261
"BLACKJACK",215.131790691347,254.494378830974,174.422085232437,285.045309808434,316.450716630721,405.316548380034
"BSR/Beta",99.2915957036985,245.867450735009,384.754599777435,64.8771407312174,87.3740031759158,96.245735568503
"CER",48.8935887934879,51.7615685757913,88.9210630596738,0,0,0
"CR1_Mam",349.777212138029,442.848975592881,35.9104293125606,91.7942523111906,83.4533748282785,29.8226222888319
"Charlie10",152.698438847355,191.230239460562,244.532923414103,132.515010855253,120.979389012806,466.317366698099
"Charlie10a",26.3273170426473,25.8807842878956,0,13.1134646158844,24.6439496137198,12.2001636636131
"Charlie10b",18.8052264590338,18.691677541258,58.140695077479,15.8741940087021,12.8820645708081,1.35557374040145
"Charlie11",12.787553992143,4.31346404798261,0,4.83127643743108,11.2017952789636,4.06672122120435
"Charlie12",42.1237072682357,93.4583877062898,27.3603270952842,0,0,12.2001636636131
"Charlie13a",46.6369616184039,44.5724618291536,42.7505110863816,37.9600291512442,26.8843086695125,0
"Charlie13b",62.4333518439922,63.2641393704116,35.9104293125606,6.90182348204441,8.40134645922267,23.0447535868247
"Charlie14a",31.5927804511768,24.4429629385681,0,66.2575054276263,59.3695149785069,166.735570069378
"Charlie15a",409.953936806937,409.779084558348,182.972187449713,226.379810211057,336.053858368907,238.580978310655
"Charlie16a",155.7072750808,150.971241679391,162.45194212825,135.27574024807,86.2538236480194,96.245735568503
"Charlie17a",115.840194987648,103.523137151583,215.462575875363,79.3709700435107,33.0452960729425,13.5557374040145
"Charlie18a",260.264334193028,310.569411454748,367.654395342882,123.542640328595,182.029173283158,58.2896708372624
"Charlie19a",214.379581632985,280.375163118869,557.466664566416,64.8771407312174,66.6506819098332,31.1781960292334
"Charlie1",414.467191157105,324.947624948023,340.294068247598,135.965922596275,152.344415793904,684.564738902732
"Charlie1a",1034.28745524686,1013.66405127591,1183.33414687104,843.402829505826,906.225238068152,1740.55668267546
"Charlie1b",275.308515360255,316.320696852058,386.46462022089,184.278686970586,181.46908351921,211.469503502626
"Charlie20a",54.1590522020174,66.1397820690666,58.140695077479,37.9600291512442,61.0497842703514,27.111474808029
"Charlie21a",78.981951127942,58.9506753224289,88.9210630596738,27.6072939281776,43.6870015879579,43.3783596928464
"Charlie22a",94.7783413535304,96.3340304049449,100.891206163861,53.8342231599464,52.6484378111287,31.1781960292334
"Charlie23a",186.547846473615,117.901350644858,116.281390154958,95.9353464004172,40.3264630042688,5.4222949616058
"Charlie24",179.025755890002,166.787276521994,297.543557161216,48.3127643743108,53.7686173390251,107.090325491715
"Charlie25",70.7076514859671,70.4532461170492,182.972187449713,110.42917571271,65.5305023819368,123.357210376532
"Charlie26a",24.8228989259246,8.62692809596521,23.9402862083737,87.6531582219639,48.1677196995433,43.3783596928464
"Charlie2a",195.574355173952,169.662919220649,263.343148292111,193.251057497243,152.904505557853,98.9568830493059
"Charlie2b",369.334647655424,336.450195742643,234.272800753371,243.634368916168,822.771863239874,376.849499831603
"Charlie3",40.619289151513,37.3833550825159,0,42.1011232404709,35.8457448926834,48.8006546544522
"Charlie4",31.5927804511768,24.4429629385681,0,38.6502114994487,53.2085275750769,197.913766098612
"Charlie4a",375.352320122315,350.828409235919,196.652350997355,181.517957577768,189.310340214484,197.913766098612
"Charlie4z",836.456472897824,789.363920780817,824.229853745438,388.5726620391,355.096910343145,286.026059224706
"Charlie5",270.043051951725,271.748235022904,191.52228966699,323.695521307883,259.881650471955,153.179832665364
"Charlie6",9.77871775869758,14.3782134932754,30.7803679821948,18.6349234015199,3.36053858368907,0
"Charlie7",352.786048371474,293.315555262817,126.54151281569,290.566768594069,276.6843433904,444.628186851676
"Charlie7a",123.362285571262,99.2096731035999,39.3304701994711,62.1164113383997,72.251579549315,54.222949616058
"Charlie8",588.227483638578,477.356687976742,675.45807516483,325.766068352496,264.922458347488,323.982123955947
"Charlie9",157.963902255884,130.841742788806,109.441308381137,106.288081623484,77.2923874248486,48.8006546544522
"Cheshire",167.742620014582,175.414204617959,174.422085232437,51.763676115333,108.657414205947,40.6672122120435
"D20S16",43.6281253849584,61.826318021084,95.7611448334948,11.042917571271,4.48071811158542,8.1334424424087
"DNA1_Mam",17.3008083423111,23.0051415892406,41.0404906429264,11.042917571271,8.40134645922267,79.9788506836856
"ERV3-16A3_I-int",625.085727498284,2635.52653331737,1662.13987103852,4166.63083611021,3303.40942776635,9726.2415873804
"ERV3-16A3_LTR",47.3891706767652,35.9455337331884,63.2707564078448,135.27574024807,187.63007092264,43.3783596928464
"ERVL-B4-int",448.316598783366,554.999040840429,131.671574146055,672.92778949933,737.078129355802,2555.25650065673
"ERVL-E-int",615.307009739586,636.954857752098,735.308790685764,855.826111773506,850.216261673334,683.209165162331
"ERVL-int",48.8935887934879,43.1346404798261,100.891206163861,148.389204863955,104.176696094361,164.024422588575
"Eulor1",5.26546340852947,1.43782134932754,0,0,1.68026929184453,0
"Eulor2B",7.52209058361352,10.0647494452927,0,1.38036469640888,1.12017952789636,0
"Eulor2C",4.51325435016811,20.1294988905855,0,0,1.12017952789636,0
"Eulor5A",12.0353449337816,8.62692809596521,88.9210630596738,19.3251057497243,17.3627826823935,13.5557374040145
"Eulor6A",0,0,0,26.2269292317687,29.6847574892534,5.4222949616058
"Eulor6D",4.51325435016811,0,0,12.4232822676799,4.48071811158542,0
"Eulor8",8.27429964197488,2.87564269865507,0,24.1563821871554,44.8071811158542,0
"Eulor9A",6.76988152525217,2.87564269865507,0,11.7330999194755,5.0408078755336,0
"Eulor9C",1.5044181167227,4.31346404798261,0,7.59200583024885,5.0408078755336,5.4222949616058
"FAM",613.802591622864,539.183005997826,745.568913346495,287.806039201252,283.405420557778,334.826713879158
"FLAM_A",1668.39969144548,1455.07520551947,2323.9177826557,814.41517088124,905.665148304204,1450.46390222955
"FLAM_C",2340.87458962053,2040.26849469577,2688.15213711168,1551.52991876358,1611.93834064286,3818.65122671089
"FRAM",836.456472897824,684.402962279907,694.268300042837,1049.07716927075,1319.57148386191,1005.83571537788
"FordPrefect",16.5485992839498,41.6968191304985,25.650306651829,71.7789642132618,49.8479889913879,16.2668848848174
"FordPrefect_a",6.76988152525217,4.31346404798261,0,18.6349234015199,16.8026929184453,67.7786870200725
"GSATII",66.9466061941604,117.901350644858,80.3709608423974,0,6.16098740342996,32.5337697696348
"GSATX",2.25662717508406,5.75128539731014,0,73.8495112578751,157.385223669438,54.222949616058
"HAL1",3354.85240029163,3288.29742591207,2322.20776221225,2414.94803636734,2607.77794094272,5359.93856954733
"HAL1b",440.794508199752,536.307363299171,393.304701994711,420.321050056504,360.697807982627,323.982123955947
"HERV15-int",198.583191407397,86.2692809596521,111.151328824592,13.8036469640888,5.0408078755336,6.77786870200725
"HERV16-int",139.910884855212,153.846884378046,182.972187449713,205.674339764923,233.55743156639,281.959338003502
"HERV17-int",175.264710598195,143.782134932754,102.601226607316,2438.41423620629,2719.2358039684,4805.50890972314
"HERV1_I-int",13.5397630505043,15.8160348426029,30.7803679821948,4.83127643743108,2.24035905579271,1.35557374040145
"HERV1_LTRa",9.02650870033623,5.75128539731014,0,2.76072939281776,2.24035905579271,0
"HERV1_LTRd",94.7783413535304,54.6372112744463,100.891206163861,0,0,0
"HERV1_LTRe",6.76988152525217,12.9403921439478,0,0,0,0
"HERV3-int",823.668918905681,477.356687976742,466.835581063287,129.06409911423,134.421543347563,63.7119657988682
"HERV30-int",5.26546340852947,0,0,4.14109408922664,5.0408078755336,0
"HERV35I-int",34.6016166846222,17.2538561919304,136.801635476421,138.726651989093,167.466839420505,109.801472972517
"HERV4_I-int",216.636208808069,201.294988905855,39.3304701994711,34.509117410222,26.3242189055644,40.6672122120435
"HERV9-int",268.538633835003,143.782134932754,253.083025631379,162.192851828044,129.380735472029,290.09278044591
"HERVE-int",604.023873864166,444.286796942208,743.85889290304,35.1992997584265,18.4829622102899,94.8901618281015
"HERVE_a-int",268.538633835003,526.242613853878,596.797134765887,64.8771407312174,12.8820645708081,0
"HERVFH19-int",10.5309268170589,7.18910674663768,0,40.720758544062,39.7663732403206,27.111474808029
"HERVFH21-int",33.8494076262609,20.1294988905855,0,36.5796644548354,7.28116693132631,0
"HERVH-int",898.889824741816,810.93124102073,1241.47484194852,832.359911934555,940.390713668991,459.539497996092
"HERVH48-int",86.5040417115555,57.5128539731014,73.5308790685764,26.9171115799732,21.8435007939789,0
"HERVI-int",309.157922986516,176.852025967287,56.4306746340237,17.254558705111,11.2017952789636,75.9121294624812
"HERVIP10F-int",700.306633334419,383.898300270452,367.654395342882,95.9353464004172,137.782081931252,405.316548380034
"HERVIP10FH-int",217.388417866431,99.2096731035999,290.703475387395,160.812487131635,140.022440987045,1049.21407507072
"HERVK-int",330.971985678995,230.051415892406,184.682207893169,145.628475471137,260.441740235903,197.913766098612
"HERVK11-int",80.4863692446647,60.3884966717565,0,119.401546239368,107.53723467805,58.2896708372624
"HERVK11D-int",7.52209058361352,0,0,13.8036469640888,3.36053858368907,0
"HERVK13-int",94.026132295169,67.5776034183942,0,13.8036469640888,8.96143622317085,13.5557374040145
"HERVK14-int",128.627748979791,158.160348426029,353.97423179524,69.7084171686485,79.5327464806413,55.5785233564595
"HERVK14C-int",1.5044181167227,8.62692809596521,41.0404906429264,6.21164113383997,0.560089763948178,20.3336061060218
"HERVK22-int",185.043428356893,110.71224389822,239.402862083737,99.3862581414394,87.3740031759158,69.1342607604739
"HERVK3-int",303.140250519625,163.911633823339,169.292023902071,150.459751908568,282.285241029882,238.580978310655
"HERVK9-int",575.439929646435,468.729759880777,577.986909887879,358.204638718105,314.770447338876,222.314093425838
"HERVKC4-int",7.52209058361352,1.43782134932754,0,3.4509117410222,11.7618850429117,17.6224586252189
"HERVL-int",385.883246939374,427.032940750278,588.247032548611,663.265236624467,686.670050600466,643.897526690689
"HERVL18-int",59.4245156105468,133.717385487461,165.871983015161,102.837169882462,61.0497842703514,12.2001636636131
"HERVL32-int",5.26546340852947,1.43782134932754,0,6.21164113383997,3.92062834763725,1.35557374040145
"HERVL40-int",108.318104404035,120.776993343513,59.8507155209343,40.720758544062,60.4896945064032,78.6232769432841
"HERVL66-int",19.5574355173952,15.8160348426029,0,57.975317249173,74.4919386051077,130.135079078539
"HERVL74-int",100.04380476206,222.862309145768,0,50.3833114189242,90.7345417596049,6.77786870200725
"HERVP71A-int",63.937769960715,61.826318021084,35.9104293125606,85.5826111773506,25.204039377668,10.8445899232116
"HERVS71-int",51.150215968572,60.3884966717565,0,2.07054704461332,5.0408078755336,0
"HSAT4",38.362661976429,25.8807842878956,35.9104293125606,28.2974762763821,30.8049370171498,67.7786870200725
"HSAT5",36.8582438597063,41.6968191304985,27.3603270952842,10.3527352230666,38.0861039484761,20.3336061060218
"HSATI",2.25662717508406,30.1942483358782,0,0.690182348204441,0,0
"HSMAR1",160.972738489329,152.409063028719,104.311247050771,112.499722757324,105.296875622257,197.913766098612
"HSMAR2",367.830229538701,349.390587886591,99.1811857204054,456.210532163135,524.804108819443,344.315730061968
"HUERS-P1-int",57.9200974938241,40.258997781171,109.441308381137,95.9353464004172,95.7753496351385,75.9121294624812
"HUERS-P2-int",42.1237072682357,20.1294988905855,66.6907972947553,36.5796644548354,10.6417055150154,20.3336061060218
"HUERS-P3-int",84.2474145364715,70.4532461170492,0,100.766622837848,99.1358882188275,63.7119657988682
"HUERS-P3b-int",100.04380476206,93.4583877062898,44.4605315298369,59.3556819455819,64.4103228540405,32.5337697696348
"Harlequin-int",1043.3139639472,1056.79869175574,1904.96277400916,957.282916959559,1108.97773261739,1064.12538621514
"Helitron1Na_Mam",11.2831358754203,20.1294988905855,0,13.1134646158844,9.52152598711903,0
"Helitron1Nb_Mam",7.52209058361352,10.0647494452927,0,23.466199838951,2.80044881974089,6.77786870200725
"Helitron2Na_Mam",30.8405713928154,28.7564269865507,0,22.7760174907465,17.3627826823935,10.8445899232116
"Helitron3Na_Mam",119.601240279455,110.71224389822,135.091615032966,70.3985995168529,56.569066158766,48.8006546544522
"Kanga11a",57.1678884354628,89.1449236583072,29.0703475387395,35.8894821066309,19.6031417381862,21.6891798464232
"Kanga1",44.3803344433198,35.9455337331884,15.3901839910974,49.6931290707197,29.6847574892534,43.3783596928464
"Kanga1a",62.4333518439922,73.3288888157043,5.13006133036579,82.8218817845329,106.977144914102,265.692453118684
"Kanga1b",48.1413797351266,48.8859258771362,100.891206163861,42.7913055886753,40.3264630042688,24.4003273272261
"Kanga1c",116.59240404601,140.906492234098,201.782412327721,16.5643763569066,34.1654756008389,147.757537703758
"Kanga1d",36.8582438597063,46.0102831784811,34.2004088691053,26.9171115799732,36.4058346566316,43.3783596928464
"Kanga2_a",115.087985929287,130.841742788806,99.1811857204054,118.711363891164,95.7753496351385,36.6004909908392
"L1M1",962.827594702531,862.692809596521,701.108381816658,2022.92446258722,6213.63584124109,1838.15799198437
"L1M2",753.713476478075,925.956948966933,624.157461861172,1490.10368977339,1703.23297216641,1401.6632475751
"L1M2a1",19.5574355173952,14.3782134932754,0,26.9171115799732,5.0408078755336,0
"L1M2a",36.1060348013449,31.6320696852058,5.13006133036579,72.4691465614663,80.6529260085376,81.334424424087
"L1M2b",24.0706898675633,17.2538561919304,0,44.8618526332886,34.725565364787,0
"L1M2c",66.194397135799,38.8211764318435,88.9210630596738,83.5120641327373,36.9659244205798,63.7119657988682
"L1M3",546.103776370342,585.193289176307,702.818402260114,1321.0090144633,925.828379806338,1194.26046529368
"L1M3a",285.839442177314,450.038082339519,162.45194212825,94.5549817040084,50.9681685192842,29.8226222888319
"L1M3b",75.2209058361352,30.1942483358782,88.9210630596738,84.2022464809418,93.5349905793457,46.0895071736493
"L1M3c",46.6369616184039,58.9506753224289,75.2408995120316,83.5120641327373,53.2085275750769,71.8454082412769
"L1M3d",21.8140626924792,25.8807842878956,0,150.459751908568,113.138132317532,1028.8804689647
"L1M3de",24.0706898675633,12.9403921439478,5.13006133036579,103.527352230666,47.047540171647,84.0455719048899
"L1M3e",45.1325435016811,60.3884966717565,37.6204497560158,49.0029467225153,36.4058346566316,42.022785952445
"L1M3f",61.6811427856309,81.9558169116695,143.641717250242,89.0335229183728,114.818401609377,216.891798464232
"L1M4",2459.72362084162,2487.43093433664,1833.14191538404,2627.52419961431,2332.21377708021,4114.1663021184
"L1M4b",743.934758719378,819.558169116695,781.479342659056,1317.55810272228,1222.11586493492,2259.74142524922
"L1M4c",761.235567061689,713.159389266458,470.255621950198,985.580393235941,1364.37866497776,1862.55831931159
"L1M5",6941.38519055856,6920.23415431343,7293.2371913367,5876.21251261261,6126.82192782912,11906.0041619459
"L1M6",332.476403795718,345.077123838608,131.671574146055,608.740831116317,429.028759184304,801.144080577257
"L1M7",340.750703437693,501.79965091531,412.114926872719,235.352180737714,137.221992167304,165.379996328977
"L1M",51.9024250269333,27.3186056372232,0,60.7360466419908,35.8457448926834,25.7559010676276
"L1MA10",253.494452667776,263.121306926939,213.752555431908,371.318103333989,338.854307188648,235.869830829852
"L1MA1",497.210187576854,583.755467826979,511.296112593124,824.077723756102,571.85164899109,981.43538805065
"L1MA2",582.209811171687,730.413245458388,839.620037736535,1671.62164735116,1469.11545083607,2202.80732815236
"L1MA3",855.261699356858,974.842874844069,935.38118257003,2029.82628606926,1843.8155029174,3471.62434916811
"L1MA4",924.464932726102,776.423528636869,762.669117781048,1776.52936427823,1582.2535831536,2326.16453852889
"L1MA4A",797.341601863034,1209.20775478446,682.298156938651,1255.44169138388,1201.39254366884,1069.54768117674
"L1MA5",1515.70125259813,1145.94361541405,572.856848557514,490.719649573357,528.164647403132,627.630641805871
"L1MA5A",368.582438597063,349.390587886591,371.074436229792,524.538584635375,595.935508840861,814.699817981272
"L1MA6",503.227860043745,582.317646477652,610.477298313529,1408.66217268526,1399.10423034255,3588.20369084264
"L1MA7",745.4391768361,855.503702849884,677.168095608285,937.957811209835,940.390713668991,1291.86177460258
"L1MA8",881.589016399505,1078.36601199565,1325.26584367783,1417.63454321192,1214.8346980036,1592.7991449717
"L1MA9",1271.98551768905,1469.45341901274,1539.01839910974,2955.36081501141,2820.61205124302,6409.15264461806
"L1MB1",511.50215968572,602.447145368237,352.264211351785,768.863135899747,655.305023819368,1756.82356756028
"L1MB2",1485.61289026367,1595.98169775356,1063.63271582917,1013.18768716412,776.844502596123,932.634733396198
"L1MB3",2568.04172524566,2411.22640282228,2537.67033808761,1813.79921108127,2033.12584313189,2052.3386429678
"L1MB4",1329.15340612451,1511.15023814324,1263.70510771344,1329.98138498996,1282.04546967738,1207.81620269769
"L1MB5",1330.65782424123,1332.86039082663,1164.52392199304,1559.81210694204,1740.19889658699,3645.1377879395
"L1MB7",3632.41754282697,3378.88017091971,3539.7423179524,3246.61776595369,3582.33413021255,5210.82545810317
"L1MB8",2675.60762059133,2396.848189329,1643.32964616051,2200.99150842396,2492.95953933334,2945.66173789235
"L1MC1",1551.80728739947,2034.51720929846,1766.45111808929,1933.89093966884,1877.42088875429,2907.70567316111
"L1MC2",778.536375404,890.011415233744,665.197952504098,1552.91028345999,1616.97914851839,1301.35079078539
"L1MC3",1176.45496727716,1223.58596827773,1277.38527126108,2260.34719036954,2034.24602265978,6659.93378659232
"L1MC4",5914.61982589531,5850.49507041374,3782.56522092305,2397.00329531402,2774.68469059927,2515.94486218509
"L1MC4a",4066.44216950147,3801.599647622,3493.57176597911,1219.55220927725,1495.99975950558,1756.82356756028
"L1MC5",3185.60536216033,3147.39093367798,2688.15213711168,1701.98967067215,1876.3007092264,1857.13602434999
"L1MC",1361.49839563405,1150.25707946203,1149.13373800194,532.130590465624,716.35480808972,458.18392425569
"L1MCa",696.545588042612,1216.3968615311,509.586092149669,1543.24773058513,952.152598711903,1557.55422772127
"L1MCb",261.768752309751,221.42448779644,271.893250509387,316.103515477634,394.863283583466,656.097690354302
"L1MCc",392.653128464626,465.854117182121,273.603270952842,323.695521307883,281.165061501985,566.629823487806
"L1MD1",738.669295310848,842.563310705936,646.38772762609,3352.21566522897,3380.7018151912,6528.44313377338
"L1MD2",1517.20567071485,1360.17899646385,1446.67729516315,1346.54576134686,1059.129743626,924.501290953789
"L1MD3",742.430340602655,786.488278082162,410.404906429264,648.771407312174,733.717590772113,1309.4842332278
"L1MD",703.315469567865,917.330020870968,755.829036007227,859.967205862733,821.091593948029,835.033424087293
"L1MDa",939.509113893329,895.762700631055,784.899383545966,1425.22654904217,1732.91772965566,2254.31913028761
"L1MDb",84.9996235948328,92.0205663569623,30.7803679821948,64.8771407312174,75.612118133004,37.9560647312406
"L1ME1",3891.17745890328,4662.8546358692,4584.56480890356,4997.61038334835,5288.92764096265,8746.16177307016
"L1ME2",1325.3923608327,1413.37838638897,1359.46625254694,1401.07016685501,1355.41722875459,1747.33455137747
"L1ME2z",808.624737738454,717.47285331444,483.93578549784,892.405776228342,812.690247488806,646.608674171492
"L1ME3",1270.48109957232,973.405053494741,884.080569266372,1653.67690629784,1678.02893278874,4211.76761142731
"L1ME3A",1909.10659012111,2097.78134866887,2342.72800753371,2472.23317126831,1916.62717223067,8929.16422802435
"L1ME3B",898.889824741816,1135.87886596875,947.351325674217,820.62681201508,830.0530301712,531.384906237368
"L1ME3C",1205.03891149489,1074.05254794767,1210.69447396633,311.962421388407,305.809011115705,593.741298295835
"L1ME3D",358.803720838365,412.654727257003,340.294068247598,394.78430317294,342.774935536285,456.828350515289
"L1ME3E",801.854856213202,1133.0032232701,617.317380087351,584.584448929161,388.702296180036,281.959338003502
"L1ME3F",522.78529556114,547.809934093791,396.724742881621,382.36102090526,557.289315128437,478.517530361712
"L1ME4a",4569.67002954522,4509.00775149115,4127.98935050101,3801.52437391006,3805.24985626392,29209.9029581704
"L1ME5",412.962773040382,554.999040840429,396.724742881621,334.738438879154,269.963266223022,722.520803633973
"L1MEa",24.8228989259246,31.6320696852058,0,77.3004229988973,153.464595321801,21.6891798464232
"L1MEb",81.2385783030261,94.8962090556173,47.8805724167474,233.281633693101,201.632315021344,206.04720854102
"L1MEc",1880.52264590338,1794.40104396076,1294.48547569564,2202.37187312037,1981.59758484865,2389.87650432776
"L1MEd",894.376570391648,844.001132055263,711.36850447739,6510.49009061249,6781.56686188454,12681.3923414556
"L1MEf",1491.63056273056,1838.97350578992,1521.91819467519,1319.62864976689,1295.48762401214,2243.4745403644
"L1MEg1",39.8670800931517,38.8211764318435,126.54151281569,71.0887818650574,65.5305023819368,10.8445899232116
"L1MEg2",97.7871775869758,79.0801742130144,112.861349268047,68.3280524722396,95.7753496351385,32.5337697696348
"L1MEg",1877.51380966994,1797.27668665942,1313.29570057364,1364.49050240018,1268.04322557868,1240.34997246733
"L1P1",364.069184246895,445.724618291536,225.722698536095,1128.44813931426,1389.02261459148,786.232769432841
"L1P2",383.62661976429,385.336121619779,100.891206163861,563.188796134824,655.865113583317,1134.61522071601
"L1P3",246.724571142524,265.996949625594,299.253577604671,1236.80676798236,1106.17728379765,1754.11242007948
"L1P3b",2.25662717508406,7.18910674663768,6.84008177382106,1.38036469640888,6.72107716737814,0
"L1P4",199.335400465758,283.250805817524,114.571369711503,369.93773863758,432.949387531942,212.825077243028
"L1P4a",22.5662717508406,54.6372112744463,41.0404906429264,75.9200583024885,43.6870015879579,28.4670485484305
"L1P4b",0.752209058361352,0,6.84008177382106,11.042917571271,21.8435007939789,0
"L1P4c",4.51325435016811,5.75128539731014,0,11.042917571271,3.36053858368907,4.06672122120435
"L1P4d",2.25662717508406,2.87564269865507,0,51.763676115333,67.2107716737814,101.668030530109
"L1P4e",17.3008083423111,27.3186056372232,0,6.90182348204441,14.5623338626526,1.35557374040145
"L1P5",20.3096445757565,10.0647494452927,6.84008177382106,11.042917571271,14.0022440987045,0
"L1P",0,0,0,6.90182348204441,10.6417055150154,29.8226222888319
"L1PA10",937.252486718245,871.319737692486,1525.3382355621,2207.89333190601,2044.32763841085,1421.99685368112
"L1PA11",792.828347512865,1072.61472659834,629.287523191537,26319.4136664281,18769.7281694313,7368.89885282228
"L1PA12",210.618536341179,276.061699070887,208.622494101542,323.005338959678,193.230968562121,237.225404570254
"L1PA13",648.404208307486,800.866491575437,793.449485763243,2187.18786145987,2491.83935980544,4416.45924622792
"L1PA14",458.847525600425,284.688627166852,360.814313569061,473.465090868246,273.323804806711,351.093598763976
"L1PA15-16",120.353449337816,96.3340304049449,160.741921684795,265.030021710505,246.999585901147,52.8673758756566
"L1PA15",679.996988758663,691.592069026545,506.166051262758,1641.25362403016,1362.69839568592,1435.55259108514
"L1PA16",1033.5352461885,1355.86553241587,721.628627138122,2648.22967006044,2811.09052525591,4577.7725213357
"L1PA17",402.431846223324,395.400871065072,359.104293125606,842.022464809418,860.297877424402,501.562283948537
"L1PA2",668.713852883242,659.959999341339,666.907972947553,71.0887818650574,30.8049370171498,37.9560647312406
"L1PA3",2516.13930021872,2441.42065115816,2327.33782354262,14615.3014055772,14539.3701823308,40695.6792605919
"L1PA4",2005.38934959137,2565.07328720032,2096.48506367615,4522.7649277837,4065.69159649982,4168.38925173446
"L1PA5",2692.90842893364,2606.77010633082,2469.2695203494,3528.2121640211,3287.16682461186,2543.05633699312
"L1PA6",1636.05470193594,1637.67851688406,962.741509665314,2379.74873660891,2240.35905579271,1969.64864480331
"L1PA7",2483.04210165082,3399.00966981029,2414.54886615883,5153.59159404256,5102.4177495679,14538.5283658056
"L1PA8",612.298173506141,589.506753224289,417.244988203085,1698.53875893113,1445.0315909863,1393.52980513269
"L1PA8A",188.052264590338,162.473812474012,88.9210630596738,782.666782863836,824.452132531718,1142.74866315842
"L1PB1",1505.17032578107,1354.42771106654,1101.25316558519,3263.8723246588,3249.08072066338,2787.05961026538
"L1PB2",229.423762800212,276.061699070887,247.952964301013,684.660889418805,616.098740342996,540.873922420179
"L1PB3",324.954313212104,312.007232804075,324.9038842565,559.737884393801,481.677196995433,643.897526690689
"L1PB4",634.864445256981,668.586927437304,531.816357914587,691.562712900849,717.474987617616,519.184742573755
"L1PB",172.25587436475,145.219956282081,102.601226607316,175.996498792132,263.802278819592,244.003273272261
"L1PBa1",64.6899790190763,47.4481045278087,29.0703475387395,87.6531582219639,35.8457448926834,13.5557374040145
"L1PBa",185.043428356893,136.593028186116,82.0809812858527,523.84840228717,766.202797081108,528.673758756566
"L1PBb",41.3714982098744,46.0102831784811,0,35.1992997584265,30.2448472532016,21.6891798464232
"L1PREC2",1026.01315560488,1025.16662207053,1155.97381977576,1184.35290951882,1190.19074838988,1009.90243659908
"L2",6660.81121178978,5624.75711856932,5858.53003927774,5433.11544506536,5503.4420205548,8071.08605035023
"L2a",18753.3240340069,16664.3494387061,16612.8486081679,16554.7138040317,17251.8849091318,32197.5874820152
"L2b",11056.7209488535,9746.99092709136,10559.3762383363,10726.8140557934,11491.9217766887,18541.537621211
"L2c",15463.9138217927,14806.684255375,16358.0555620931,12966.4557757168,13429.8323599494,23962.4770090764
"L3",4626.08570892232,4349.40958171579,4868.42820251714,3755.28215658036,3978.87768308786,4404.25908256431
"L3b",515.263204977526,546.372112744463,466.835581063287,748.157665453614,848.53599238149,1493.8422619224
"L5",47.3891706767652,23.0051415892406,0,32.4385703656087,52.0883480471806,12.2001636636131
"LOR1-int",206.857491049372,303.38030470811,117.991410598413,242.254004219759,157.945313433386,176.224586252189
"LOR1a",72.2120696026898,127.966100090151,176.132105675892,5115.63156489131,4659.94683604884,11838.2254749259
"LOR1b",127.87553992143,51.7615685757913,179.552146562803,51.763676115333,30.8049370171498,6.77786870200725
"LSAU",77.4775330112193,77.6423528636869,235.982821196827,0.690182348204441,5.60089763948178,0
"LTR10A",77.4775330112193,60.3884966717565,0,20.7054704461332,29.6847574892534,0
"LTR10B1",189.556682707061,81.9558169116695,49.5905928602027,21.3956527943377,7.28116693132631,27.111474808029
"LTR10B",6.76988152525217,2.87564269865507,0,0.690182348204441,11.7618850429117,0
"LTR10C",79.7341601863034,48.8859258771362,117.991410598413,40.0305761958576,42.5668220600615,31.1781960292334
"LTR10D",22.5662717508406,11.5025707946203,0,27.6072939281776,25.204039377668,27.111474808029
"LTR10E",157.963902255884,106.398779850238,56.4306746340237,37.2698468030398,22.9636803218753,48.8006546544522
"LTR10F",18.8052264590338,25.8807842878956,58.140695077479,487.268737832335,467.11486313278,1996.76011961134
"LTR10G",15.7963902255884,10.0647494452927,37.6204497560158,4.83127643743108,8.96143622317085,5.4222949616058
"LTR12",205.353072932649,107.836601199565,141.931696806787,167.024128265475,142.822889806785,96.245735568503
"LTR12B",24.8228989259246,1.43782134932754,37.6204497560158,143.557928426524,137.221992167304,437.850318149668
"LTR12C",827.429964197488,766.358779191576,605.347236983164,1107.74266886813,1603.53699418363,1604.99930863532
"LTR12D",54.9112612603787,33.0698910345333,0,73.8495112578751,65.5305023819368,12.2001636636131
"LTR12E",6.01767246689082,7.18910674663768,0,20.0152880979288,19.0430519742381,0
"LTR12F",32.3449895095382,51.7615685757913,174.422085232437,122.162275632186,126.580286652288,414.805564562844
"LTR12_",81.2385783030261,37.3833550825159,17.1002044345526,55.9047702045597,75.0520283690559,17.6224586252189
"LTR13",477.652752059459,485.983616072707,735.308790685764,140.107016685501,171.947557532091,347.026877542771
"LTR13A",156.459484139161,138.030849535443,135.091615032966,26.2269292317687,14.5623338626526,33.8893435100363
"LTR13_",27.0795261010087,11.5025707946203,61.5607359643895,8.97237052665773,3.36053858368907,4.06672122120435
"LTR14",30.0883623344541,23.0051415892406,0,2.76072939281776,6.16098740342996,37.9560647312406
"LTR14A",24.8228989259246,15.8160348426029,1.71002044345526,15.8741940087021,2.24035905579271,0
"LTR14B",53.406843143656,48.8859258771362,32.49038842565,61.4262289901952,58.2493354506105,46.0895071736493
"LTR14C",2.25662717508406,0,0,6.21164113383997,1.68026929184453,0
"LTR15",28.5839442177314,4.31346404798261,78.6609403989422,6.21164113383997,14.0022440987045,0
"LTR16A1",126.371121804707,224.300130495096,200.072391884266,1021.46987534257,554.488866308696,5620.20872770441
"LTR16A2",66.194397135799,83.3936382609971,35.9104293125606,180.827775229563,203.312584313189,261.62573189748
"LTR16A",333.98082191244,247.305272084336,661.777911617187,392.713756128327,332.13323002127,694.053755085542
"LTR16B1",53.406843143656,58.9506753224289,32.49038842565,78.6807876953062,53.7686173390251,14.911311144416
"LTR16B2",89.5128779450009,106.398779850238,56.4306746340237,190.490328104426,173.627826823935,1247.12784116933
"LTR16B",42.1237072682357,38.8211764318435,32.49038842565,79.3709700435107,81.773105536434,159.957701367371
"LTR16C",405.440682456769,444.286796942208,360.814313569061,646.700860267561,948.792060128214,681.853591421929
"LTR16D1",28.5839442177314,66.1397820690666,0,11.7330999194755,5.0408078755336,16.2668848848174
"LTR16D2",6.76988152525217,10.0647494452927,0,11.042917571271,4.48071811158542,14.911311144416
"LTR16D",39.8670800931517,35.9455337331884,15.3901839910974,140.797199033706,189.870429978432,18.9780323656203
"LTR16E1",108.318104404035,104.96095850091,66.6907972947553,316.793697825838,514.162403304427,596.452445776638
"LTR16E2",110.574731579119,122.214814692841,73.5308790685764,169.094675310088,103.616606330413,140.979669001751
"LTR17",102.300431937144,106.398779850238,157.321880797884,133.205193203457,118.178940193066,398.538679678026
"LTR18A",6.01767246689082,17.2538561919304,18.8102248780079,14.4938293122933,31.9251165450462,6.77786870200725
"LTR18B",18.8052264590338,35.9455337331884,44.4605315298369,62.8065936866041,64.4103228540405,16.2668848848174
"LTR19-int",36.1060348013449,43.1346404798261,0,124.923005025004,177.548455171572,618.141625623061
"LTR19A",94.7783413535304,48.8859258771362,0,40.0305761958576,56.0089763948178,46.0895071736493
"LTR19B",24.8228989259246,21.567320239913,0,15.1840116604977,15.682513390549,25.7559010676276
"LTR19C",34.6016166846222,21.567320239913,121.411451485324,8.97237052665773,7.84125669527449,0
"LTR1",227.91934468349,205.608452953838,227.43271897955,154.600845997795,238.038149677976,130.135079078539
"LTR1B",57.1678884354628,107.836601199565,152.191819467519,33.8189350620176,49.8479889913879,6.77786870200725
"LTR1C",6.76988152525217,4.31346404798261,0,0,0.560089763948178,0
"LTR1D",59.4245156105468,66.1397820690666,10.2601226607316,46.2422173296975,33.0452960729425,37.9560647312406
"LTR21A",39.8670800931517,33.0698910345333,0,6.21164113383997,3.92062834763725,0
"LTR21B",9.02650870033623,5.75128539731014,0,0,0,0
"LTR22",3.76104529180676,11.5025707946203,3.42004088691053,2.07054704461332,2.24035905579271,0
"LTR22A",21.8140626924792,27.3186056372232,0,9.66255287486217,15.1224236266008,4.06672122120435
"LTR22B",21.0618536341179,7.18910674663768,53.0106337471132,4.14109408922664,3.92062834763725,0
"LTR22C",55.6634703187401,77.6423528636869,82.0809812858527,2.07054704461332,1.68026929184453,0
"LTR23-int",36.1060348013449,15.8160348426029,116.281390154958,8.97237052665773,19.0430519742381,1.35557374040145
"LTR23",62.4333518439922,40.258997781171,54.7206541905685,62.1164113383997,70.5713102574704,52.8673758756566
"LTR24",94.7783413535304,40.258997781171,1.71002044345526,31.0582056691998,50.408078755336,39.3116384716421
"LTR24B",75.9731148944966,63.2641393704116,76.9509199554869,29.6778409727909,43.1269118240097,2.7111474808029
"LTR24C",28.5839442177314,43.1346404798261,17.1002044345526,24.8465645353599,54.8887968669215,54.222949616058
"LTR25-int",81.2385783030261,58.9506753224289,0,15.1840116604977,11.2017952789636,28.4670485484305
"LTR25",149.689602613909,284.688627166852,70.1108381816659,4.83127643743108,1.68026929184453,6.77786870200725
"LTR26",30.8405713928154,23.0051415892406,123.121471928779,66.2575054276263,118.178940193066,109.801472972517
"LTR26B",21.8140626924792,34.5077123838608,27.3603270952842,173.925951747519,289.566407961208,63.7119657988682
"LTR26E",49.6457978518493,63.2641393704116,51.3006133036579,35.1992997584265,17.9228724463417,29.8226222888319
"LTR27",27.0795261010087,17.2538561919304,0,77.9906053471018,81.773105536434,647.964247911893
"LTR27B",55.6634703187401,37.3833550825159,29.0703475387395,22.7760174907465,35.8457448926834,37.9560647312406
"LTR28",44.3803344433198,38.8211764318435,0,39.3403938476531,46.4874504076988,0
"LTR29",94.026132295169,110.71224389822,5.13006133036579,58.6654995973774,29.6847574892534,1.35557374040145
"LTR2",244.46794396744,241.553986687026,138.511655919876,125.613187373208,218.995097703738,506.984578910142
"LTR2B",153.450647905716,156.722527076701,340.294068247598,58.6654995973774,47.6076299355951,43.3783596928464
"LTR2C",106.813686287312,112.150065247548,61.5607359643895,18.6349234015199,17.9228724463417,4.06672122120435
"LTR30",9.02650870033623,7.18910674663768,56.4306746340237,8.97237052665773,21.2834110300308,25.7559010676276
"LTR31",20.3096445757565,37.3833550825159,49.5905928602027,24.8465645353599,45.3672708798024,12.2001636636131
"LTR32",66.194397135799,77.6423528636869,0,91.7942523111906,94.6551701072421,56.9340970968609
"LTR33",525.041922736224,575.128539731014,572.856848557514,655.673230794219,606.017124591929,432.428023188063
"LTR33A",111.32694063748,225.737951844423,188.102248780079,202.223428023901,754.440912038196,2044.20520052539
"LTR33A_",93.2739232368077,58.9506753224289,0,100.766622837848,64.4103228540405,69.1342607604739
"LTR33B",80.4863692446647,145.219956282081,152.191819467519,160.812487131635,160.185672489179,463.606219217296
"LTR33C",80.4863692446647,67.5776034183942,97.4711652769501,99.3862581414394,138.902261459148,1705.31176542502
"LTR34",33.0971985678995,20.1294988905855,37.6204497560158,22.0858351425421,27.4443984334607,1.35557374040145
"LTR35",12.0353449337816,38.8211764318435,0,1.38036469640888,9.52152598711903,6.77786870200725
"LTR35A",6.01767246689082,1.43782134932754,0,4.14109408922664,10.6417055150154,0
"LTR35B",15.7963902255884,17.2538561919304,0,6.21164113383997,10.6417055150154,0
"LTR36",17.3008083423111,28.7564269865507,0,38.6502114994487,31.365026781098,18.9780323656203
"LTR37A",92.5217141784463,115.025707946203,58.140695077479,167.714310613679,161.305852017075,166.735570069378
"LTR37B",159.468320372607,76.2045315143594,114.571369711503,98.696075793235,50.408078755336,58.2896708372624
"LTR38",18.0530174006725,17.2538561919304,32.49038842565,30.3680233209954,57.1291559227142,1.35557374040145
"LTR38B",3.00883623344541,8.62692809596521,0,2.07054704461332,6.16098740342996,5.4222949616058
"LTR38C",11.2831358754203,27.3186056372232,0,3.4509117410222,2.24035905579271,1.35557374040145
"LTR39-int",2.25662717508406,0,0,4.83127643743108,1.68026929184453,2.7111474808029
"LTR39",84.2474145364715,103.523137151583,1.71002044345526,241.563821871554,307.48928040755,370.071631129596
"LTR3",8.27429964197488,21.567320239913,0,13.8036469640888,16.2426031544972,4.06672122120435
"LTR3A",77.4775330112193,182.603311364597,189.812269223534,19.3251057497243,22.4035905579271,52.8673758756566
"LTR3B",5.26546340852947,1.43782134932754,0,6.21164113383997,11.7618850429117,12.2001636636131
"LTR3B_",14.2919721088657,12.9403921439478,0,16.5643763569066,43.1269118240097,303.648517849925
"LTR40A1",10.5309268170589,20.1294988905855,80.3709608423974,41.4109408922664,10.0816157510672,44.7339334332479
"LTR40a",175.264710598195,84.8314596103246,189.812269223534,128.373916766026,108.657414205947,234.514257089451
"LTR40b",124.866703687984,92.0205663569623,188.102248780079,91.1040699629862,82.8932850643304,187.0691761754
"LTR40c",67.6988152525217,57.5128539731014,49.5905928602027,44.1716702850842,30.8049370171498,21.6891798464232
"LTR41",186.547846473615,235.802701289716,564.306746340237,61.4262289901952,48.1677196995433,66.4231132796711
"LTR41B",68.4510243108831,102.085315802255,306.093659378492,44.8618526332886,73.3717590772113,14.911311144416
"LTR42",88.7606688866396,61.826318021084,76.9509199554869,22.0858351425421,24.0838598497717,136.912947780546
"LTR43-int",26.3273170426473,34.5077123838608,0,0.690182348204441,2.80044881974089,0
"LTR43",100.796013820421,70.4532461170492,189.812269223534,19.3251057497243,26.3242189055644,24.4003273272261
"LTR43B",18.0530174006725,15.8160348426029,22.2302657649184,15.1840116604977,12.3219748068599,0
"LTR44",20.3096445757565,14.3782134932754,0,35.1992997584265,22.4035905579271,4.06672122120435
"LTR45",2.25662717508406,2.87564269865507,0,14.4938293122933,17.9228724463417,0
"LTR45B",46.6369616184039,53.1993899251188,3.42004088691053,40.720758544062,28.0044881974089,2.7111474808029
"LTR45C",141.415302971934,192.66806080989,0,142.867746078319,158.505403197334,159.957701367371
"LTR46-int",26.3273170426473,7.18910674663768,0,37.2698468030398,11.7618850429117,0
"LTR46",76.7253239528579,44.5724618291536,30.7803679821948,10.3527352230666,18.4829622102899,23.0447535868247
"LTR47A",68.4510243108831,60.3884966717565,0,228.45035725567,220.115277231634,54.222949616058
"LTR47B",61.6811427856309,37.3833550825159,116.281390154958,0,0,0
"LTR48",43.6281253849584,58.9506753224289,63.2707564078448,58.6654995973774,67.7708614377296,54.222949616058
"LTR48B",114.335776870926,202.732810255182,220.592637205729,29.6778409727909,29.1246677253053,311.781960292334
"LTR49-int",387.387665056096,247.305272084336,249.662984744469,481.7472790467,511.361954484687,138.268521520948
"LTR49",109.822522520757,83.3936382609971,0,53.8342231599464,45.9273606437506,21.6891798464232
"LTR4",22.5662717508406,1.43782134932754,66.6907972947553,0,8.40134645922267,4.06672122120435
"LTR50",229.423762800212,145.219956282081,152.191819467519,193.251057497243,154.584774849697,242.64769953186
"LTR51",34.6016166846222,18.691677541258,73.5308790685764,44.1716702850842,25.204039377668,18.9780323656203
"LTR52-int",8.27429964197488,8.62692809596521,59.8507155209343,22.0858351425421,11.7618850429117,10.8445899232116
"LTR52",42.8759163265971,46.0102831784811,34.2004088691053,58.6654995973774,42.5668220600615,14.911311144416
"LTR53",83.4952054781101,173.976383268632,71.8208586251211,37.9600291512442,33.0452960729425,4.06672122120435
"LTR54",145.928557322102,102.085315802255,153.901839910974,152.530298953181,92.4148110514494,25.7559010676276
"LTR54B",40.619289151513,43.1346404798261,10.2601226607316,32.4385703656087,29.6847574892534,17.6224586252189
"LTR55",24.8228989259246,7.18910674663768,0,40.720758544062,24.0838598497717,0
"LTR56",76.7253239528579,74.7667101650318,37.6204497560158,227.760174907465,213.954289828204,2400.72109425097
"LTR57-int",32.3449895095382,44.5724618291536,49.5905928602027,36.5796644548354,62.1699637982478,12.2001636636131
"LTR57",24.8228989259246,35.9455337331884,18.8102248780079,11.042917571271,5.60089763948178,0
"LTR58",2.25662717508406,0,0,2.07054704461332,3.92062834763725,6.77786870200725
"LTR59",6.01767246689082,15.8160348426029,0,6.90182348204441,15.1224236266008,0
"LTR5",4.51325435016811,8.62692809596521,0,125.613187373208,179.228724463417,140.979669001751
"LTR5A",163.229365664413,178.289847316614,314.643761595769,19.3251057497243,26.3242189055644,29.8226222888319
"LTR5B",558.891330362485,473.043223928759,384.754599777435,280.904215719207,541.606801737888,372.782778610399
"LTR60",9.02650870033623,14.3782134932754,0,0,0,6.77786870200725
"LTR61",70.7076514859671,102.085315802255,13.6801635476421,11.042917571271,30.8049370171498,39.3116384716421
"LTR62",26.3273170426473,21.567320239913,135.091615032966,49.0029467225153,36.4058346566316,230.447535868247
"LTR64",45.1325435016811,30.1942483358782,0,2.76072939281776,17.9228724463417,43.3783596928464
"LTR65",68.4510243108831,69.0154247677217,80.3709608423974,133.895375551661,146.183428390474,142.335242742152
"LTR66",13.5397630505043,10.0647494452927,100.891206163861,40.720758544062,86.2538236480194,54.222949616058
"LTR67B",227.91934468349,381.022657571797,335.164006917232,260.198745273074,458.15342690961,31.1781960292334
"LTR68",27.0795261010087,20.1294988905855,37.6204497560158,19.3251057497243,17.3627826823935,9.48901618281015
"LTR69",4.51325435016811,1.43782134932754,0,4.83127643743108,1.12017952789636,0
"LTR6A",74.4686967777739,139.468670884771,251.373005187924,15.8741940087021,36.9659244205798,6.77786870200725
"LTR6B",15.7963902255884,33.0698910345333,17.1002044345526,19.3251057497243,15.1224236266008,18.9780323656203
"LTR70",100.04380476206,79.0801742130144,106.021267494226,40.720758544062,39.7663732403206,6.77786870200725
"LTR71A",12.0353449337816,31.6320696852058,10.2601226607316,1.38036469640888,2.24035905579271,6.77786870200725
"LTR71B",30.0883623344541,21.567320239913,17.1002044345526,11.042917571271,13.4421543347563,0
"LTR72",30.0883623344541,40.258997781171,1.71002044345526,20.0152880979288,66.090592145885,386.338516014413
"LTR72B",3.76104529180676,1.43782134932754,13.6801635476421,13.1134646158844,5.60089763948178,8.1334424424087
"LTR73",27.0795261010087,20.1294988905855,0,76.6102406506929,26.8843086695125,31.1781960292334
"LTR75",46.6369616184039,50.3237472264637,41.0404906429264,7.59200583024885,15.682513390549,29.8226222888319
"LTR75B",5.26546340852947,5.75128539731014,0,13.1134646158844,5.0408078755336,0
"LTR75_1",9.02650870033623,10.0647494452927,41.0404906429264,17.254558705111,19.0430519742381,1.35557374040145
"LTR76",79.7341601863034,94.8962090556173,71.8208586251211,6.21164113383997,12.8820645708081,24.4003273272261
"LTR77",2.25662717508406,11.5025707946203,0,23.466199838951,53.2085275750769,35.2449172504377
"LTR78",373.095692947231,389.649585667762,213.752555431908,789.56860634588,927.508649098183,2307.18650616327
"LTR78B",121.857867454539,90.5827450076347,59.8507155209343,251.916557094621,159.065492961283,538.162774939376
"LTR79",228.671553741851,293.315555262817,244.532923414103,311.272239040203,233.55743156639,443.272613111274
"LTR7",142.167512030296,185.478954063252,270.183230065932,169.094675310088,180.908993755262,147.757537703758
"LTR7B",118.849031221094,103.523137151583,87.2110426162185,51.763676115333,75.0520283690559,66.4231132796711
"LTR7C",57.1678884354628,43.1346404798261,90.631083503129,28.9876586245865,28.0044881974089,6.77786870200725
"LTR80A",13.5397630505043,12.9403921439478,8.55010221727632,17.254558705111,16.2426031544972,16.2668848848174
"LTR80B",10.5309268170589,7.18910674663768,0,36.5796644548354,31.9251165450462,1.35557374040145
"LTR81",6.76988152525217,5.75128539731014,0,31.0582056691998,28.5645779613571,54.222949616058
"LTR81A",27.83173515937,37.3833550825159,111.151328824592,69.0182348204441,90.1744519956567,142.335242742152
"LTR81AB",4.51325435016811,0,0,46.2422173296975,41.4466425321652,35.2449172504377
"LTR81B",40.619289151513,27.3186056372232,227.43271897955,40.0305761958576,53.7686173390251,51.5118021352551
"LTR81C",25.575107984286,18.691677541258,0,66.2575054276263,26.8843086695125,9.48901618281015
"LTR82A",48.8935887934879,46.0102831784811,63.2707564078448,49.6931290707197,39.7663732403206,29.8226222888319
"LTR82B",68.4510243108831,64.7019607197391,205.202453214632,73.1593289096707,25.204039377668,0
"LTR83",28.5839442177314,35.9455337331884,0,24.8465645353599,61.6098740342996,122.001636636131
"LTR84a",35.3538257429836,61.826318021084,0,228.45035725567,257.641291416162,55.5785233564595
"LTR84b",39.8670800931517,61.826318021084,44.4605315298369,73.1593289096707,73.3717590772113,172.157865030984
"LTR85a",186.547846473615,556.436862189756,215.462575875363,160.12230478343,193.230968562121,374.1383523508
"LTR85b",36.8582438597063,34.5077123838608,27.3603270952842,85.5826111773506,89.0542724677603,21.6891798464232
"LTR85c",48.8935887934879,47.4481045278087,0,159.432122435226,133.861453583615,218.247372204633
"LTR86A1",142.167512030296,63.2641393704116,18.8102248780079,80.7513347399195,40.3264630042688,21.6891798464232
"LTR86A2",12.787553992143,30.1942483358782,0,6.21164113383997,6.16098740342996,6.77786870200725
"LTR86B1",17.3008083423111,7.18910674663768,0,22.7760174907465,40.3264630042688,86.7567193856928
"LTR86B2",6.01767246689082,4.31346404798261,70.1108381816659,16.5643763569066,2.80044881974089,0
"LTR86C",29.3361532760927,18.691677541258,39.3304701994711,11.7330999194755,7.28116693132631,6.77786870200725
"LTR87",119.601240279455,94.8962090556173,49.5905928602027,19.3251057497243,33.6053858368907,21.6891798464232
"LTR88a",40.619289151513,100.647494452927,39.3304701994711,64.186958383013,62.7300535621959,25.7559010676276
"LTR88b",51.150215968572,74.7667101650318,273.603270952842,100.766622837848,144.50315909863,77.2677032028827
"LTR88c",16.5485992839498,20.1294988905855,23.9402862083737,44.1716702850842,76.1722078969522,74.5565557220798
"LTR89",109.070313462396,87.7071023089797,78.6609403989422,142.867746078319,169.707198476298,151.824258924962
"LTR8",427.254745149248,432.784226147588,663.487932060643,257.438015880256,353.4166410513,677.786870200725
"LTR8A",296.370368994373,260.245664228284,241.112882527192,167.714310613679,147.303607918371,237.225404570254
"LTR90A",39.8670800931517,60.3884966717565,0,11.042917571271,10.6417055150154,12.2001636636131
"LTR90B",19.5574355173952,20.1294988905855,0,6.90182348204441,13.4421543347563,0
"LTR9",119.601240279455,133.717385487461,100.891206163861,283.664945112025,282.285241029882,112.51262045332
"LTR9B",28.5839442177314,28.7564269865507,63.2707564078448,118.021181542959,80.0928362445895,46.0895071736493
"Looper",299.379205227818,212.797559700475,147.061758137153,80.7513347399195,33.6053858368907,66.4231132796711
"MADE1",250.48561643433,257.370021529629,530.106337471132,280.214033371003,190.430519742381,254.847863195473
"MADE2",140.663093913573,113.587886596875,92.3411039465843,148.389204863955,168.587018948402,116.579341674525
"MARNA",614.554800681225,772.110064588887,1149.13373800194,290.566768594069,324.852063089943,164.024422588575
"MER101-int",230.928180916935,215.67320239913,22.2302657649184,196.011786890061,328.772691437581,286.026059224706
"MER101",71.4598605443285,54.6372112744463,64.9807768513,9.66255287486217,47.047540171647,21.6891798464232
"MER101B",17.3008083423111,5.75128539731014,6.84008177382106,30.3680233209954,16.8026929184453,29.8226222888319
"MER102a",302.388041461264,278.937341769542,18.8102248780079,169.094675310088,222.355636287427,54.222949616058
"MER102b",451.325435016811,422.719476702295,353.97423179524,203.60379272031,206.673122896878,86.7567193856928
"MER102c",286.591651235675,320.63416090004,514.716153480035,227.069992559261,249.239944956939,188.424749915802
"MER103C",803.359274329924,867.006273644504,928.541100796209,722.620918570049,971.195650686141,1012.61358407988
"MER104",250.48561643433,238.678343988371,439.475253968003,93.8647993558039,48.1677196995433,27.111474808029
"MER105",117.344613104371,81.9558169116695,71.8208586251211,40.720758544062,27.4443984334607,135.557374040145
"MER106A",46.6369616184039,14.3782134932754,119.701431041869,11.042917571271,20.1632315021344,21.6891798464232
"MER106B",72.9642786610512,54.6372112744463,41.0404906429264,55.9047702045597,48.1677196995433,33.8893435100363
"MER107",68.4510243108831,48.8859258771362,0,9.66255287486217,8.96143622317085,0
"MER110-int",31.5927804511768,23.0051415892406,0,35.1992997584265,58.2493354506105,54.222949616058
"MER110",39.8670800931517,31.6320696852058,0,38.6502114994487,20.1632315021344,13.5557374040145
"MER110A",24.0706898675633,35.9455337331884,29.0703475387395,98.696075793235,33.6053858368907,42.022785952445
"MER112",469.378452417484,438.535511544898,487.35582638475,494.860743662584,448.071811158542,2055.0497904486
"MER113",555.882494129039,530.556077901861,634.417584521903,369.93773863758,277.244433154348,492.073267765726
"MER113A",143.671930147018,162.473812474012,143.641717250242,191.870692800834,286.765959141467,187.0691761754
"MER115",131.636585213237,115.025707946203,174.422085232437,279.523851022798,248.119765429043,273.825895561093
"MER117",291.857114644205,314.88287550273,184.682207893169,297.468592076114,287.326048905415,132.846226559342
"MER119",126.371121804707,142.344313583426,119.701431041869,55.9047702045597,59.9296047424551,329.404418917552
"MER11A",111.32694063748,97.7718517542724,111.151328824592,121.472093283982,92.9749008153976,336.18228761956
"MER11B",164.733783781136,368.082265427849,212.042534988453,100.766622837848,88.4941827038121,46.0895071736493
"MER11C",599.510619513998,445.724618291536,716.498565807756,321.624974263269,412.226066265859,542.22949616058
"MER11D",42.1237072682357,61.826318021084,47.8805724167474,17.254558705111,12.3219748068599,1.35557374040145
"MER121",13.5397630505043,7.18910674663768,0,60.0458642937863,61.6098740342996,33.8893435100363
"MER123",0.752209058361352,0,0,22.0858351425421,15.682513390549,0
"MER124",52.6546340852947,34.5077123838608,59.8507155209343,56.5949525527641,48.7278094634915,32.5337697696348
"MER125",9.77871775869758,0,0,0,5.0408078755336,0
"MER126",14.2919721088657,24.4429629385681,80.3709608423974,1.38036469640888,4.48071811158542,0
"MER127",7.52209058361352,0,0,23.466199838951,22.9636803218753,13.5557374040145
"MER129",3.76104529180676,0,0,2.07054704461332,1.68026929184453,0
"MER130",2.25662717508406,0,0,22.7760174907465,10.0816157510672,0
"MER131",18.0530174006725,17.2538561919304,27.3603270952842,76.6102406506929,77.2923874248486,37.9560647312406
"MER133B",6.76988152525217,4.31346404798261,0,0.690182348204441,1.12017952789636,0
"MER134",0,0,0,17.254558705111,2.24035905579271,8.1334424424087
"MER135",28.5839442177314,8.62692809596521,0,28.2974762763821,14.0022440987045,4.06672122120435
"MER1A",595.749574222191,554.999040840429,463.415540176377,6237.17788072353,1818.05137377579,2593.21256538797
"MER1B",934.995859543161,1161.75965025665,711.36850447739,1704.75040006497,1411.42620514941,1930.33700633166
"MER20",2324.32599033658,2153.85638129265,2732.61266864151,1087.03719842199,1221.55577517098,1670.06684817459
"MER20B",414.467191157105,424.157298051623,133.381594589511,327.836615397109,340.534576480492,741.498835999593
"MER21-int",59.4245156105468,63.2641393704116,8.55010221727632,36.5796644548354,35.8457448926834,47.4450809140508
"MER21A",403.184055281685,350.828409235919,391.594681551256,170.475040006497,127.700466180185,104.379178010912
"MER21B",402.431846223324,347.952766537264,374.494477116703,297.468592076114,364.058346566316,238.580978310655
"MER21C",729.642786610512,805.17995562342,1176.49406509722,1047.69680457434,1965.91507145811,2200.09618067155
"MER2",1111.01277919972,1006.47494452927,813.969731084706,581.133537188139,666.506819098332,326.693271436749
"MER2B",139.15867579685,189.792418111235,102.601226607316,55.9047702045597,56.0089763948178,65.0675395392696
"MER30",491.192515109963,438.535511544898,548.91656234914,218.097622032603,215.634559120049,326.693271436749
"MER30B",9.77871775869758,8.62692809596521,0,4.14109408922664,10.0816157510672,4.06672122120435
"MER31-int",299.379205227818,569.377254333704,593.377093878977,51.0734937671286,44.2470913519061,59.6452445776638
"MER31A",103.804850053867,93.4583877062898,116.281390154958,122.85245798039,121.539478776755,70.4898345008754
"MER31B",160.972738489329,148.095598980736,116.281390154958,109.048811016302,129.380735472029,113.868194193722
"MER33",1278.00319015594,1281.09882225083,1154.2637993323,625.995389821428,692.270948239948,345.67130380237
"MER34-int",60.1767246689082,48.8859258771362,29.0703475387395,6.90182348204441,6.72107716737814,47.4450809140508
"MER34",102.300431937144,109.274422548893,205.202453214632,84.2022464809418,47.6076299355951,86.7567193856928
"MER34A1",57.9200974938241,69.0154247677217,90.631083503129,66.2575054276263,58.8094252145587,96.245735568503
"MER34A",116.59240404601,90.5827450076347,150.481799024063,89.0335229183728,108.657414205947,230.447535868247
"MER34B-int",186.547846473615,294.753376612145,121.411451485324,28.2974762763821,29.6847574892534,77.2677032028827
"MER34B",43.6281253849584,31.6320696852058,51.3006133036579,226.379810211057,203.872674077137,104.379178010912
"MER34C2",78.981951127942,50.3237472264637,23.9402862083737,45.5520349814931,26.8843086695125,46.0895071736493
"MER34C",10.5309268170589,1.43782134932754,20.5202453214632,5.52145878563552,3.92062834763725,0
"MER34C_",165.485992839498,178.289847316614,15.3901839910974,98.0058934450306,95.7753496351385,51.5118021352551
"MER34D",21.8140626924792,11.5025707946203,20.5202453214632,22.7760174907465,26.3242189055644,0
"MER39",242.211316792355,257.370021529629,239.402862083737,247.775463005394,262.682099291696,185.713602434999
"MER39B",138.406466738489,150.971241679391,133.381594589511,131.134646158844,108.097324441998,90.8234406068972
"MER3",1192.25135750274,1200.58082668849,1111.51328824592,590.105907714797,604.896945064032,492.073267765726
"MER4-int",329.467567562272,196.981524857872,283.863393613574,478.986549653882,742.118937231336,3554.3143473326
"MER41-int",200.08760952412,240.116165337698,215.462575875363,314.723150781225,217.314828411893,246.714420753064
"MER41A",278.3173515937,255.932200180301,319.773822926134,214.646710291581,322.611704034151,321.270976475144
"MER41B",237.698062442187,230.051415892406,135.091615032966,512.115302367695,570.171379699245,1245.77226742893
"MER41C",66.194397135799,54.6372112744463,58.140695077479,79.3709700435107,58.2493354506105,43.3783596928464
"MER41D",62.4333518439922,81.9558169116695,54.7206541905685,49.6931290707197,87.934092939864,29.8226222888319
"MER41E",27.0795261010087,60.3884966717565,87.2110426162185,20.7054704461332,109.777593733843,0
"MER41G",22.5662717508406,14.3782134932754,15.3901839910974,11.042917571271,15.682513390549,4.06672122120435
"MER44A",255.75107984286,290.439912564162,155.611860354429,262.959474665892,233.55743156639,544.940643641383
"MER44B",212.122954457901,235.802701289716,297.543557161216,178.75722818495,185.949801630795,380.916221052807
"MER44C",233.184808092019,530.556077901861,471.965642393653,136.656104944479,184.829622102899,79.9788506836856
"MER44D",61.6811427856309,67.5776034183942,73.5308790685764,39.3403938476531,72.8116693132632,94.8901618281015
"MER45A",229.423762800212,207.046274303165,473.675662837108,168.404492961884,188.750250450536,248.069994493465
"MER45B",72.9642786610512,136.593028186116,124.831492372234,93.1746170075995,86.2538236480194,89.4678668664957
"MER45C",75.9731148944966,41.6968191304985,18.8102248780079,102.837169882462,83.4533748282785,0
"MER45R",38.362661976429,40.258997781171,32.49038842565,27.6072939281776,40.886552768217,130.135079078539
"MER46C",417.476027390551,435.659868846243,424.085069976906,191.18051045263,188.190160686588,737.432114778389
"MER47A",405.440682456769,326.385446297351,165.871983015161,347.851903495038,320.931434742306,268.403600599487
"MER47B",98.5393866453372,64.7019607197391,51.3006133036579,35.8894821066309,114.258311845428,12.2001636636131
"MER47C",39.1148710347903,48.8859258771362,63.2707564078448,45.5520349814931,33.0452960729425,2.7111474808029
"MER48",18.0530174006725,25.8807842878956,15.3901839910974,11.042917571271,7.84125669527449,0
"MER49",297.122578052734,317.758518201385,64.9807768513,120.091728587573,170.827378004194,352.449172504377
"MER4A1",231.680389975297,162.473812474012,244.532923414103,467.943632082611,714.114449033927,450.050481813281
"MER4A1_",72.9642786610512,24.4429629385681,37.6204497560158,31.0582056691998,25.7641291416162,6.77786870200725
"MER4A",212.122954457901,161.035991124684,225.722698536095,86.2727935255551,136.661902403355,66.4231132796711
"MER4B-int",103.804850053867,116.46352929553,138.511655919876,144.938293122933,129.380735472029,109.801472972517
"MER4B",121.857867454539,185.478954063252,258.213086961745,169.784857658292,142.262800042837,330.759992657954
"MER4C",111.32694063748,113.587886596875,172.712064788982,57.975317249173,61.0497842703514,39.3116384716421
"MER4D0",59.4245156105468,48.8859258771362,56.4306746340237,57.975317249173,49.2878992274397,52.8673758756566
"MER4D1",130.884376154875,107.836601199565,1.71002044345526,551.455696215348,429.028759184304,2141.80650983429
"MER4D",136.149839563405,83.3936382609971,29.0703475387395,66.9476877758307,109.777593733843,276.537043041896
"MER4E1",112.079149695842,130.841742788806,117.991410598413,158.741940087021,151.224236266008,111.157046712919
"MER4E",83.4952054781101,89.1449236583072,119.701431041869,98.696075793235,48.1677196995433,74.5565557220798
"MER50-int",16.5485992839498,27.3186056372232,5.13006133036579,33.8189350620176,54.3287071029733,12.2001636636131
"MER50",180.530174006725,231.489237241733,205.202453214632,199.462698631083,236.917970150079,116.579341674525
"MER50B",56.4156793771014,46.0102831784811,10.2601226607316,46.932399677902,60.4896945064032,46.0895071736493
"MER50C",13.5397630505043,14.3782134932754,29.0703475387395,0,0,0
"MER51-int",60.1767246689082,43.1346404798261,0,293.327497986887,348.375833175767,628.986215546273
"MER51A",113.583567812564,117.901350644858,30.7803679821948,126.303369721413,158.505403197334,340.249008840764
"MER51B",51.9024250269333,47.4481045278087,54.7206541905685,25.5367468835643,29.6847574892534,46.0895071736493
"MER51C",32.3449895095382,37.3833550825159,1.71002044345526,15.8741940087021,16.8026929184453,21.6891798464232
"MER51D",38.362661976429,33.0698910345333,68.4008177382106,6.21164113383997,1.68026929184453,0
"MER51E",24.0706898675633,23.0051415892406,13.6801635476421,24.1563821871554,39.7663732403206,66.4231132796711
"MER52-int",15.044181167227,25.8807842878956,0,57.2851349009686,44.8071811158542,58.2896708372624
"MER52A",234.689226208742,189.792418111235,70.1108381816659,451.379255725704,458.15342690961,631.697363027076
"MER52C",100.04380476206,110.71224389822,215.462575875363,148.389204863955,114.258311845428,28.4670485484305
"MER52D",39.1148710347903,27.3186056372232,1.71002044345526,53.8342231599464,56.0089763948178,37.9560647312406
"MER53",288.096069352398,238.678343988371,263.343148292111,370.627920985785,468.235042660677,1230.86095628452
"MER54A",218.892835983154,130.841742788806,210.332514544998,49.0029467225153,70.0112204935223,94.8901618281015
"MER54B",15.7963902255884,23.0051415892406,0,51.0734937671286,95.7753496351385,12.2001636636131
"MER57-int",160.220529430968,112.150065247548,212.042534988453,323.695521307883,375.820231609228,189.780323656203
"MER57A-int",211.37074539954,171.100740569977,174.422085232437,229.830721952079,249.239944956939,231.803109608648
"MER57A1",57.1678884354628,93.4583877062898,128.251533259145,136.656104944479,150.66414650206,63.7119657988682
"MER57B1",55.6634703187401,40.258997781171,188.102248780079,41.4109408922664,60.4896945064032,89.4678668664957
"MER57B2",55.6634703187401,30.1942483358782,54.7206541905685,122.162275632186,129.380735472029,79.9788506836856
"MER57C1",43.6281253849584,57.5128539731014,53.0106337471132,8.28218817845329,12.8820645708081,0
"MER57C2",25.575107984286,11.5025707946203,27.3603270952842,34.509117410222,56.569066158766,74.5565557220798
"MER57D",17.3008083423111,43.1346404798261,106.021267494226,46.932399677902,80.6529260085376,18.9780323656203
"MER57E1",32.3449895095382,40.258997781171,73.5308790685764,40.720758544062,22.4035905579271,16.2668848848174
"MER57E3",70.7076514859671,53.1993899251188,15.3901839910974,9.66255287486217,14.5623338626526,10.8445899232116
"MER57F",165.485992839498,296.191197961472,23.9402862083737,23.466199838951,55.4488866308696,5.4222949616058
"MER58A",1416.40965689443,1529.8419156845,1176.49406509722,846.853741246849,725.876334076839,1122.4150570524
"MER58B",829.686591372572,756.294029746284,1055.0826136119,556.977155000984,606.017124591929,351.093598763976
"MER58C",236.193644325465,201.294988905855,239.402862083737,398.925397262167,317.010806394669,157.246553886568
"MER58D",83.4952054781101,61.826318021084,51.3006133036579,41.4109408922664,36.4058346566316,37.9560647312406
"MER5A1",1235.8794828877,1296.91485709344,1311.58568013019,1217.48166223263,1634.34193120078,3043.26304720126
"MER5A",2774.14700723667,2704.54195808509,2512.02003143578,2118.16962663943,2008.48189351817,2711.1474808029
"MER5B",2161.84883373053,2549.25725235772,1978.49365307774,1307.89554984741,1343.09525394773,1766.31258374309
"MER5C1",51.9024250269333,43.1346404798261,109.441308381137,40.0305761958576,43.1269118240097,2.7111474808029
"MER5C",123.362285571262,126.528278740823,82.0809812858527,178.067045836746,262.122009527747,100.312456789707
"MER61-int",88.0084598282782,92.0205663569623,114.571369711503,432.744332324184,495.679441094138,145.046390222955
"MER61A",21.8140626924792,30.1942483358782,44.4605315298369,79.3709700435107,33.0452960729425,29.8226222888319
"MER61B",37.6104529180676,41.6968191304985,0,9.66255287486217,18.4829622102899,12.2001636636131
"MER61C",20.3096445757565,10.0647494452927,0,22.0858351425421,10.0816157510672,0
"MER61D",16.5485992839498,8.62692809596521,104.311247050771,20.7054704461332,24.0838598497717,32.5337697696348
"MER61E",23.3184808092019,25.8807842878956,0,9.66255287486217,19.0430519742381,21.6891798464232
"MER61F",17.3008083423111,15.8160348426029,0,23.466199838951,17.3627826823935,37.9560647312406
"MER63A",147.432975438825,123.652636042168,141.931696806787,260.198745273074,277.244433154348,242.64769953186
"MER63B",159.468320372607,116.46352929553,133.381594589511,182.208139925972,203.312584313189,96.245735568503
"MER63C",73.7164877194125,100.647494452927,150.481799024063,46.2422173296975,53.2085275750769,117.934915414926
"MER63D",120.353449337816,103.523137151583,35.9104293125606,82.1316994363284,81.2130157724858,193.847044877407
"MER65-int",93.2739232368077,69.0154247677217,136.801635476421,150.459751908568,119.299119720962,75.9121294624812
"MER65A",81.2385783030261,102.085315802255,78.6609403989422,149.079387212159,122.099568540703,775.388179509629
"MER65B",24.0706898675633,17.2538561919304,0,2.07054704461332,17.9228724463417,14.911311144416
"MER65C",39.8670800931517,113.587886596875,53.0106337471132,70.3985995168529,39.2062834763725,29.8226222888319
"MER65D",34.6016166846222,44.5724618291536,20.5202453214632,26.2269292317687,21.8435007939789,2.7111474808029
"MER66-int",81.9907873613874,67.5776034183942,0,221.548533773625,258.761470944058,416.161138303245
"MER66A",49.6457978518493,74.7667101650318,58.140695077479,147.008840167546,106.977144914102,4751.28596010708
"MER66B",81.2385783030261,37.3833550825159,76.9509199554869,181.517957577768,183.709442575002,630.341789286674
"MER66C",44.3803344433198,33.0698910345333,100.891206163861,69.0182348204441,41.4466425321652,28.4670485484305
"MER66D",22.5662717508406,18.691677541258,15.3901839910974,0.690182348204441,11.7618850429117,0
"MER67A",65.4421880774377,125.090457391496,119.701431041869,29.6778409727909,117.618850429117,97.6013093089044
"MER67B",74.4686967777739,83.3936382609971,99.1811857204054,44.8618526332886,11.2017952789636,5.4222949616058
"MER67C",170.751456248027,165.349455172667,169.292023902071,87.6531582219639,146.743518154423,424.294580745654
"MER67D",19.5574355173952,43.1346404798261,32.49038842565,112.499722757324,174.187916587883,360.582614946786
"MER68-int",173.008083423111,212.797559700475,129.9615537026,19.3251057497243,2.80044881974089,12.2001636636131
"MER68",450.57322595845,340.763659790626,483.93578549784,372.008285682193,780.76513094376,105.734751751313
"MER68B",111.32694063748,60.3884966717565,227.43271897955,102.146987534257,124.339927596496,24.4003273272261
"MER6",93.2739232368077,107.836601199565,85.5010221727632,113.880087453733,143.382979570734,5.4222949616058
"MER6A",130.132167096514,135.155206836788,6.84008177382106,90.4138876147817,79.5327464806413,47.4450809140508
"MER6B",78.981951127942,79.0801742130144,78.6609403989422,71.7789642132618,78.4125669527449,4.06672122120435
"MER6C",13.5397630505043,14.3782134932754,15.3901839910974,11.042917571271,2.80044881974089,0
"MER70-int",81.9907873613874,113.587886596875,34.2004088691053,12.4232822676799,19.0430519742381,37.9560647312406
"MER70A",33.8494076262609,17.2538561919304,0,120.781910935777,111.457863025687,576.118839670616
"MER70B",11.2831358754203,8.62692809596521,0,32.4385703656087,13.4421543347563,0
"MER70C",11.2831358754203,2.87564269865507,90.631083503129,37.2698468030398,22.9636803218753,12.2001636636131
"MER72",150.44181167227,123.652636042168,131.671574146055,48.3127643743108,49.2878992274397,56.9340970968609
"MER72B",4.51325435016811,14.3782134932754,0,10.3527352230666,12.3219748068599,6.77786870200725
"MER73",15.7963902255884,5.75128539731014,13.6801635476421,35.1992997584265,22.4035905579271,14.911311144416
"MER74A",141.415302971934,117.901350644858,111.151328824592,271.93184519255,245.319316609302,138.268521520948
"MER74B",76.7253239528579,77.6423528636869,49.5905928602027,138.036469640888,59.3695149785069,85.4011456452914
"MER74C",17.3008083423111,30.1942483358782,0,8.28218817845329,7.28116693132631,12.2001636636131
"MER75",27.83173515937,43.1346404798261,3.42004088691053,9.66255287486217,26.3242189055644,24.4003273272261
"MER75B",10.5309268170589,15.8160348426029,20.5202453214632,0.690182348204441,1.68026929184453,0
"MER76-int",26.3273170426473,17.2538561919304,34.2004088691053,13.1134646158844,1.68026929184453,0
"MER76",27.83173515937,20.1294988905855,47.8805724167474,30.3680233209954,34.725565364787,4.06672122120435
"MER77",217.388417866431,182.603311364597,246.242943857558,184.278686970586,187.069981158691,180.291307473393
"MER77B",151.946229788993,123.652636042168,283.863393613574,171.855404702906,176.428275643676,201.980487319816
"MER81",252.742243609414,211.359738351148,253.083025631379,153.91066364959,188.750250450536,44.7339334332479
"MER83",39.8670800931517,20.1294988905855,15.3901839910974,323.005338959678,245.319316609302,1268.81702101576
"MER83A-int",2.25662717508406,7.18910674663768,0,170.475040006497,131.621094527822,52.8673758756566
"MER83B-int",21.8140626924792,2.87564269865507,25.650306651829,11.042917571271,78.4125669527449,2.7111474808029
"MER83B",39.1148710347903,37.3833550825159,85.5010221727632,3.4509117410222,2.24035905579271,0
"MER83C",9.77871775869758,10.0647494452927,0,17.254558705111,2.24035905579271,1.35557374040145
"MER84-int",3.76104529180676,0,13.6801635476421,8.97237052665773,5.0408078755336,0
"MER84",18.0530174006725,8.62692809596521,73.5308790685764,49.0029467225153,45.3672708798024,184.358028694597
"MER85",91.769505120085,64.7019607197391,153.901839910974,75.229875954284,61.0497842703514,17.6224586252189
"MER87",20.3096445757565,51.7615685757913,17.1002044345526,30.3680233209954,23.5237700858235,18.9780323656203
"MER87B",46.6369616184039,48.8859258771362,109.441308381137,57.975317249173,82.3331953003822,10.8445899232116
"MER88",5.26546340852947,12.9403921439478,0,28.2974762763821,64.4103228540405,2.7111474808029
"MER89-int",43.6281253849584,63.2641393704116,32.49038842565,40.0305761958576,19.6031417381862,29.8226222888319
"MER89",137.654257680128,221.42448779644,171.002044345526,106.978263971688,138.902261459148,96.245735568503
"MER8",197.830982349036,247.305272084336,64.9807768513,87.6531582219639,98.5757984548793,86.7567193856928
"MER90",115.840194987648,99.2096731035999,129.9615537026,110.42917571271,129.940825235977,59.6452445776638
"MER90a",143.671930147018,168.225097871322,220.592637205729,242.944186567963,231.317072510598,54.222949616058
"MER91A",335.485240029163,270.310413673577,285.573414057029,242.254004219759,287.886138669364,359.227041206384
"MER91B",142.919721088657,115.025707946203,70.1108381816659,25.5367468835643,36.9659244205798,16.2668848848174
"MER91C",68.4510243108831,73.3288888157043,131.671574146055,97.3157110968261,75.0520283690559,254.847863195473
"MER92A",1.5044181167227,0,0,6.21164113383997,5.0408078755336,0
"MER92B",175.264710598195,155.284705727374,66.6907972947553,36.5796644548354,78.9726567166931,70.4898345008754
"MER92C",8.27429964197488,5.75128539731014,0,6.21164113383997,3.36053858368907,12.2001636636131
"MER94",269.290842893364,244.429629385681,306.093659378492,184.278686970586,207.233212660826,222.314093425838
"MER94B",36.8582438597063,31.6320696852058,0,28.9876586245865,34.725565364787,42.022785952445
"MER95",32.3449895095382,50.3237472264637,3.42004088691053,2.76072939281776,10.6417055150154,12.2001636636131
"MER96",54.1590522020174,60.3884966717565,34.2004088691053,36.5796644548354,45.9273606437506,103.02360427051
"MER96B",94.7783413535304,56.0750326237739,117.991410598413,265.030021710505,266.042637875385,25.7559010676276
"MER97a",3.00883623344541,1.43782134932754,25.650306651829,15.1840116604977,31.9251165450462,8.1334424424087
"MER97b",4.51325435016811,5.75128539731014,0,35.8894821066309,13.4421543347563,31.1781960292334
"MER97c",18.0530174006725,11.5025707946203,0,4.83127643743108,10.0816157510672,4.06672122120435
"MER97d",21.0618536341179,24.4429629385681,49.5905928602027,21.3956527943377,20.7233212660826,16.2668848848174
"MER99",19.5574355173952,25.8807842878956,46.1705519732921,15.1840116604977,8.96143622317085,1.35557374040145
"MER9a1",54.9112612603787,47.4481045278087,41.0404906429264,122.162275632186,49.2878992274397,23.0447535868247
"MER9a2",123.362285571262,152.409063028719,258.213086961745,14.4938293122933,14.0022440987045,46.0895071736493
"MER9a3",52.6546340852947,28.7564269865507,97.4711652769501,156.671393042408,129.380735472029,36.6004909908392
"MERX",19.5574355173952,31.6320696852058,92.3411039465843,77.9906053471018,94.6551701072421,31.1781960292334
"MIR3",9292.79070699615,8411.25489356608,10042.9500644128,7112.32909824676,8139.78453945887,13706.2060891991
"MIR",16626.076816961,15213.5876972347,14969.5189620074,14387.5412306698,16731.5615184239,23740.1629156506
"MIRb",21577.8690481538,18690.2397199086,21565.0678124143,20049.797215339,21253.7262725415,40810.9030285261
"MIRc",10189.4239045629,9101.4091412433,8442.37092933864,8017.84833909099,9961.7565415823,17892.2177995587
"MLT-int",63.937769960715,54.6372112744463,63.2707564078448,17.254558705111,16.8026929184453,1.35557374040145
"MLT1-int",9.02650870033623,8.62692809596521,0,15.8741940087021,8.96143622317085,0
"MLT1A-int",24.8228989259246,23.0051415892406,0,53.8342231599464,39.2062834763725,84.0455719048899
"MLT1A0-int",42.8759163265971,57.5128539731014,17.1002044345526,54.5244055081508,104.176696094361,39.3116384716421
"MLT1A0",1337.42770576648,1380.30849535443,1354.33619121657,2169.93330275476,2302.52901959096,2831.79354369863
"MLT1A1-int",31.5927804511768,24.4429629385681,15.3901839910974,220.168169077217,255.400932360369,75.9121294624812
"MLT1A1",565.661211887737,573.690718381687,731.888749798853,880.672676308866,813.250337252755,795.721785615651
"MLT1A",583.714229288409,695.905533074527,653.227809399911,1029.75206352103,963.354393990866,1945.24831747608
"MLT1B-int",152.698438847355,126.528278740823,280.443352726663,20.7054704461332,42.0067322961134,6.77786870200725
"MLT1B",1796.27523136691,2077.65184977829,1887.86256957461,1314.10719098125,1642.74327766001,1602.28816115451
"MLT1C-int",77.4775330112193,70.4532461170492,0,3.4509117410222,1.12017952789636,0
"MLT1C",2203.2203319404,1897.92418111235,1788.68138385421,955.90255226315,802.608631737739,649.319821652295
"MLT1D-int",38.362661976429,35.9455337331884,23.9402862083737,57.975317249173,30.2448472532016,44.7339334332479
"MLT1D",1982.82307784053,1792.96322261144,1944.29324420864,2552.29432366002,2620.66000551352,9019.98766863125
"MLT1E1-int",1.5044181167227,8.62692809596521,0,0,0,24.4003273272261
"MLT1E1",97.0349685286145,79.0801742130144,8.55010221727632,95.2451640522128,50.408078755336,20.3336061060218
"MLT1E1A-int",7.52209058361352,2.87564269865507,0,6.21164113383997,11.2017952789636,0
"MLT1E1A",231.680389975297,175.414204617959,59.8507155209343,443.097067547251,422.307682016926,342.960156321567
"MLT1E2-int",6.76988152525217,15.8160348426029,0,15.1840116604977,32.4852063089943,35.2449172504377
"MLT1E2",419.732654565635,458.665010435484,641.257666295724,402.376309003189,415.586604849548,441.917039370873
"MLT1E3-int",6.01767246689082,44.5724618291536,0,0,5.60089763948178,0
"MLT1E3",160.972738489329,146.657777631409,6.84008177382106,122.85245798039,117.618850429117,67.7786870200725
"MLT1E",54.9112612603787,41.6968191304985,78.6609403989422,280.214033371003,45.9273606437506,126.068357857335
"MLT1F-int",90.2650870033623,89.1449236583072,176.132105675892,23.466199838951,47.6076299355951,12.2001636636131
"MLT1F1-int",116.59240404601,50.3237472264637,23.9402862083737,8.28218817845329,5.0408078755336,0
"MLT1F1",486.679260759795,467.291938531449,562.596725896782,276.763121629981,380.861039484761,162.668848848174
"MLT1F2-int",30.8405713928154,17.2538561919304,44.4605315298369,38.6502114994487,48.7278094634915,23.0447535868247
"MLT1F2",673.22710723341,636.954857752098,290.703475387395,661.884871928058,693.391127767844,890.611947443753
"MLT1F",490.440306051602,490.29708012069,535.236398801498,480.366914350291,456.473157617765,406.672122120435
"MLT1G-int",106.061477228951,73.3288888157043,13.6801635476421,15.1840116604977,9.52152598711903,17.6224586252189
"MLT1G1-int",7.52209058361352,17.2538561919304,0,7.59200583024885,8.40134645922267,14.911311144416
"MLT1G1",184.291219298531,254.494378830974,273.603270952842,422.391597101118,437.990195407475,412.094417082041
"MLT1G3-int",6.76988152525217,8.62692809596521,0,18.6349234015199,50.408078755336,12.2001636636131
"MLT1G3",234.689226208742,175.414204617959,160.741921684795,164.953581220861,180.908993755262,496.139988986931
"MLT1G",262.520961368112,263.121306926939,138.511655919876,288.496221549456,305.809011115705,328.048845177151
"MLT1H-int",46.6369616184039,64.7019607197391,95.7611448334948,736.424565534138,491.7588127465,1492.486688182
"MLT1H1-int",9.02650870033623,14.3782134932754,34.2004088691053,8.97237052665773,16.8026929184453,14.911311144416
"MLT1H1",239.954689617271,314.88287550273,218.882616762274,308.511509647385,312.530088283083,96.245735568503
"MLT1H2-int",14.2919721088657,12.9403921439478,10.2601226607316,35.1992997584265,8.96143622317085,0
"MLT1H2",239.954689617271,237.240522639043,88.9210630596738,328.526797745314,390.942655235828,177.58015999259
"MLT1H",679.244779700301,713.159389266458,646.38772762609,966.255287486217,896.703712081033,756.410147144009
"MLT1I-int",32.3449895095382,31.6320696852058,8.55010221727632,73.1593289096707,81.773105536434,67.7786870200725
"MLT1I",640.129908665511,603.884966717565,1250.0249441658,759.200583024885,797.567823862206,1030.2360427051
"MLT1J-int",62.4333518439922,57.5128539731014,104.311247050771,75.9200583024885,95.2152598711903,96.245735568503
"MLT1J1-int",14.2919721088657,17.2538561919304,17.1002044345526,31.0582056691998,29.6847574892534,61.0008183180653
"MLT1J1",177.521337773279,166.787276521994,230.852759866461,371.318103333989,318.691075686513,315.848681513538
"MLT1J2-int",45.1325435016811,44.5724618291536,83.791001729308,70.3985995168529,25.7641291416162,0
"MLT1J2",312.166759219961,350.828409235919,513.006133036579,492.790196617971,496.239530858086,355.16031998518
"MLT1J",1579.63902255884,2212.80705661508,2077.67483879815,1081.51573963636,1171.14769641564,1977.78208724572
"MLT1K-int",4.51325435016811,11.5025707946203,0,0,5.0408078755336,12.2001636636131
"MLT1K",1339.68433294157,1424.88095718359,1708.31042301181,2180.28603797783,2105.93751244515,10189.8478065977
"MLT1L-int",9.02650870033623,2.87564269865507,22.2302657649184,1.38036469640888,1.68026929184453,9.48901618281015
"MLT1L",757.474521769882,711.72156791713,779.769322215601,2073.99795635434,2042.64736911901,16344.1525880203
"MLT1M",173.008083423111,132.279564138133,294.123516274306,278.833668674594,251.480304012732,184.358028694597
"MLT1N2",355.79488460492,329.261088996006,232.562780309916,441.026520502638,551.128327725007,432.428023188063
"MLT2A1",200.839818582481,196.981524857872,210.332514544998,266.410386406914,265.482548111436,1667.35570069378
"MLT2A2",230.175971858574,307.693768756093,388.174640664345,265.030021710505,224.035905579271,452.761629294084
"MLT2B1",195.574355173952,135.155206836788,133.381594589511,432.744332324184,382.541308776606,307.715239071129
"MLT2B2",68.4510243108831,71.8910674663768,35.9104293125606,190.490328104426,154.584774849697,113.868194193722
"MLT2B3",402.431846223324,427.032940750278,270.183230065932,392.713756128327,483.357466287278,912.301127290176
"MLT2B4",306.14908675307,306.255947406765,188.102248780079,2458.42952430422,2214.03483688715,9772.33109455405
"MLT2B5",0.752209058361352,4.31346404798261,13.6801635476421,1.38036469640888,8.96143622317085,2.7111474808029
"MLT2C1",160.972738489329,132.279564138133,153.901839910974,206.364522113128,274.443984334607,695.409328825944
"MLT2C2",73.7164877194125,71.8910674663768,131.671574146055,109.048811016302,90.7345417596049,939.412602098205
"MLT2D",283.58281500223,162.473812474012,285.573414057029,442.406885199046,385.901847360295,201.980487319816
"MLT2E",11.2831358754203,10.0647494452927,0,12.4232822676799,16.8026929184453,17.6224586252189
"MLT2F",74.4686967777739,102.085315802255,167.582003458616,175.306316443928,110.897773261739,146.401963963357
"MSR1",56.4156793771014,21.567320239913,162.45194212825,62.1164113383997,231.877162274546,265.692453118684
"MST-int",1586.40890408409,2094.90570597022,890.920651040193,7.59200583024885,0.560089763948178,27.111474808029
"MSTA-int",492.696933226686,462.978474483466,596.797134765887,473.465090868246,493.439082038345,395.827532197223
"MSTA",1171.94171292699,1396.12453019704,1694.63025946417,1494.24478386261,1430.46925712365,1106.14817216758
"MSTB-int",104.557059112228,71.8910674663768,32.49038842565,392.713756128327,340.534576480492,85.4011456452914
"MSTB1-int",17.3008083423111,12.9403921439478,0,18.6349234015199,11.7618850429117,8.1334424424087
"MSTB1",320.441058861936,412.654727257003,330.033945586866,402.376309003189,508.001415900998,1358.28488788225
"MSTB2-int",1.5044181167227,0,0,13.8036469640888,58.8094252145587,0
"MSTB2",81.2385783030261,96.3340304049449,49.5905928602027,108.358628668097,113.138132317532,143.690816482554
"MSTB",557.386912245762,585.193289176307,784.899383545966,1094.62920425224,1308.36968858294,2431.8992902802
"MSTC-int",33.8494076262609,7.18910674663768,0,173.235769399315,289.566407961208,464.961792957697
"MSTC",236.193644325465,286.12644851618,171.002044345526,481.7472790467,787.486208111138,866.211620116527
"MSTD-int",153.450647905716,120.776993343513,160.741921684795,81.441517088124,67.7708614377296,161.313275107773
"MSTD",529.555177086392,464.416295832794,624.157461861172,811.654441488422,1320.13157362586,1445.04160726795
"MamGyp-int",14.2919721088657,5.75128539731014,0,100.766622837848,105.296875622257,69.1342607604739
"MamGypLTR1a",48.8935887934879,51.7615685757913,85.5010221727632,71.7789642132618,48.7278094634915,128.779505338138
"MamGypLTR1b",70.7076514859671,96.3340304049449,34.2004088691053,229.830721952079,216.194648883997,398.538679678026
"MamGypLTR1c",97.7871775869758,96.3340304049449,32.49038842565,48.3127643743108,48.1677196995433,24.4003273272261
"MamGypLTR1d",30.8405713928154,20.1294988905855,0,38.6502114994487,54.8887968669215,62.3563920584667
"MamGypLTR2b",25.575107984286,18.691677541258,39.3304701994711,99.3862581414394,134.981633111511,17.6224586252189
"MamGypLTR2c",25.575107984286,43.1346404798261,80.3709608423974,37.2698468030398,32.4852063089943,58.2896708372624
"MamGypLTR3",31.5927804511768,20.1294988905855,3.42004088691053,68.3280524722396,80.0928362445895,315.848681513538
"MamRep137",309.157922986516,297.6290193108,442.895294854914,120.781910935777,161.865941781023,531.384906237368
"MamRep1527",44.3803344433198,40.258997781171,131.671574146055,113.189905105528,111.457863025687,100.312456789707
"MamRep1879",84.2474145364715,70.4532461170492,116.281390154958,96.6255287486217,113.138132317532,684.564738902732
"MamRep1894",22.5662717508406,44.5724618291536,63.2707564078448,31.0582056691998,58.8094252145587,12.2001636636131
"MamRep38",148.937393555548,99.2096731035999,179.552146562803,189.109963408017,175.868185879728,601.874740738244
"MamRep4096",30.8405713928154,24.4429629385681,47.8805724167474,83.5120641327373,58.2493354506105,88.1122931260943
"MamRep434",149.689602613909,155.284705727374,59.8507155209343,252.606739442825,272.763715042763,657.453264094703
"MamRep488",19.5574355173952,25.8807842878956,66.6907972947553,12.4232822676799,17.3627826823935,12.2001636636131
"MamRep564",63.937769960715,64.7019607197391,87.2110426162185,44.8618526332886,39.7663732403206,13.5557374040145
"MamRep605",357.299302721642,383.898300270452,311.223720708858,332.66789183454,523.123839527598,753.698999663206
"Mam_R4",42.1237072682357,125.090457391496,37.6204497560158,40.720758544062,24.6439496137198,4.06672122120435
"Merlin1_HS",3.76104529180676,10.0647494452927,0,3.4509117410222,0.560089763948178,0
"ORSL-2a",6.76988152525217,5.75128539731014,6.84008177382106,18.6349234015199,15.682513390549,5.4222949616058
"ORSL-2b",48.1413797351266,35.9455337331884,0,79.3709700435107,43.1269118240097,28.4670485484305
"ORSL",118.096822162732,129.403921439478,109.441308381137,69.0182348204441,84.0134645922267,90.8234406068972
"PABL_A-int",105.309268170589,77.6423528636869,58.140695077479,42.7913055886753,67.7708614377296,10.8445899232116
"PABL_A",72.9642786610512,67.5776034183942,13.6801635476421,17.9447410533155,45.3672708798024,21.6891798464232
"PABL_B-int",27.0795261010087,28.7564269865507,32.49038842565,36.5796644548354,7.84125669527449,0
"PABL_B",40.619289151513,66.1397820690666,0,18.6349234015199,11.7618850429117,37.9560647312406
"PRIMA4-int",202.344236699204,99.2096731035999,165.871983015161,24.1563821871554,32.4852063089943,18.9780323656203
"PRIMA41-int",98.5393866453372,235.802701289716,82.0809812858527,82.8218817845329,31.365026781098,23.0447535868247
"PRIMA4_LTR",31.5927804511768,37.3833550825159,30.7803679821948,35.8894821066309,38.0861039484761,12.2001636636131
"PRIMAX-int",18.8052264590338,15.8160348426029,13.6801635476421,0,0,8.1334424424087
"Plat_L3",364.821393305256,461.540653134139,261.633127848655,309.201691995589,272.203625278815,1003.12456789707
"PrimLTR79",25.575107984286,11.5025707946203,0,0,1.12017952789636,0
"REP522",9.02650870033623,12.9403921439478,13.6801635476421,46.2422173296975,33.0452960729425,0
"Ricksha",44.3803344433198,44.5724618291536,121.411451485324,14.4938293122933,17.3627826823935,21.6891798464232
"Ricksha_0",33.8494076262609,48.8859258771362,76.9509199554869,18.6349234015199,10.0816157510672,6.77786870200725
"Ricksha_a",4.51325435016811,4.31346404798261,3.42004088691053,8.28218817845329,1.68026929184453,13.5557374040145
"Ricksha_b",13.5397630505043,4.31346404798261,0,7.59200583024885,8.96143622317085,0
"Ricksha_c",51.9024250269333,57.5128539731014,54.7206541905685,15.8741940087021,34.1654756008389,4.06672122120435
"SATR1",97.0349685286145,46.0102831784811,80.3709608423974,242.944186567963,138.902261459148,261.62573189748
"SATR2",33.8494076262609,25.8807842878956,30.7803679821948,79.3709700435107,89.0542724677603,6.77786870200725
"SST1",118.849031221094,277.499520420214,150.481799024063,10.3527352230666,21.2834110300308,0
"SVA_A",139.910884855212,175.414204617959,261.633127848655,1194.01546239368,1026.64453731701,1537.22062161524
"SVA_B",191.061100823784,230.051415892406,143.641717250242,70.3985995168529,106.417055150154,88.1122931260943
"SVA_C",337.741867204247,406.903441859693,193.232310110445,0,5.0408078755336,0
"SVA_D",715.350814501646,825.309454514005,523.266255697311,77.3004229988973,95.7753496351385,88.1122931260943
"TAR1",4.51325435016811,7.18910674663768,6.84008177382106,2.76072939281776,2.80044881974089,0
"THE1-int",241.459107733994,237.240522639043,251.373005187924,1.38036469640888,15.682513390549,1.35557374040145
"THE1A-int",456.590898425341,714.597210615785,249.662984744469,379.600291512442,635.141792317234,325.337697696348
"THE1A",240.706898675633,254.494378830974,424.085069976906,371.318103333989,707.953461630497,298.226222888319
"THE1B-int",1339.68433294157,1242.27764581899,1176.49406509722,1001.45458724464,916.306853819219,557.140807304996
"THE1B",1577.38239538376,1890.73507436571,1910.09283533953,2341.09852510946,2212.91465735925,2876.52747713188
"THE1C-int",394.90975563971,306.255947406765,571.146828114058,267.790751103323,260.441740235903,273.825895561093
"THE1C",624.333518439922,534.869541949843,630.997543634993,1472.84913106828,1313.97058622243,1543.99849031725
"THE1D-int",395.661964698071,578.004182429669,547.206541905685,393.403938476531,496.799620622034,371.427204869997
"THE1D",616.811427856309,575.128539731014,820.809812858527,1561.19247163844,1385.66207600779,4219.90105386971
"Tigger10",127.87553992143,117.901350644858,112.861349268047,131.824828507048,213.954289828204,112.51262045332
"Tigger11a",45.1325435016811,25.8807842878956,70.1108381816659,36.5796644548354,26.3242189055644,143.690816482554
"Tigger12",33.0971985678995,12.9403921439478,35.9104293125606,77.3004229988973,52.6484378111287,21.6891798464232
"Tigger12A",69.2032333692444,71.8910674663768,138.511655919876,56.5949525527641,21.2834110300308,43.3783596928464
"Tigger12c",148.937393555548,112.150065247548,162.45194212825,25.5367468835643,22.4035905579271,40.6672122120435
"Tigger13a",364.821393305256,320.63416090004,99.1811857204054,428.603238234958,311.969998519135,1114.28161460999
"Tigger14a",109.822522520757,139.468670884771,3.42004088691053,51.763676115333,33.0452960729425,12.2001636636131
"Tigger15a",749.200222127907,671.462570135959,762.669117781048,490.029467225153,556.169135600541,509.695726390945
"Tigger16a",36.8582438597063,90.5827450076347,68.4008177382106,1982.89388639136,2320.4518920373,15736.8555523204
"Tigger16b",139.910884855212,109.274422548893,198.362371440811,75.9200583024885,92.4148110514494,7503.10065312203
"Tigger1",3447.37411447008,3410.51224060491,2382.05847773318,2282.43302551208,1795.64778321786,2713.8586282837
"Tigger1a_Art",40.619289151513,84.8314596103246,141.931696806787,23.466199838951,7.28116693132631,4.06672122120435
"Tigger1a_Mars",3.76104529180676,4.31346404798261,0,2.07054704461332,0,0
"Tigger2",1003.44688385404,636.954857752098,507.876071706214,336.118803575563,406.065078862429,477.16195662131
"Tigger2a",364.821393305256,347.952766537264,306.093659378492,411.348679529847,294.047126072794,698.120476306747
"Tigger2b_Pri",190.308891765422,204.17063160451,319.773822926134,101.456805186053,76.1722078969522,58.2896708372624
"Tigger3",215.131790691347,120.776993343513,106.021267494226,122.162275632186,133.861453583615,67.7786870200725
"Tigger3a",768.005448586941,734.726709506371,666.907972947553,1681.28420022602,2622.34027480537,11403.086304257
"Tigger3b",1059.11035417278,1216.3968615311,1222.66461707051,728.832559703889,858.617608132557,622.208346844266
"Tigger3c",286.591651235675,297.6290193108,376.204497560158,218.097622032603,244.759226845354,309.070812811531
"Tigger3d",26.3273170426473,12.9403921439478,25.650306651829,10.3527352230666,28.5645779613571,0
"Tigger4",210.618536341179,199.857167556527,82.0809812858527,280.904215719207,183.149352811054,187.0691761754
"Tigger4a",595.749574222191,471.605402579432,853.300201284177,280.904215719207,207.793302424774,103.02360427051
"Tigger4b",479.909379234543,474.481045278087,365.944374899427,137.346287292684,101.936337038568,275.181469301494
"Tigger5",217.388417866431,189.792418111235,177.842126119348,41.4109408922664,14.5623338626526,14.911311144416
"Tigger6a",129.379958038153,116.46352929553,37.6204497560158,57.2851349009686,66.090592145885,54.222949616058
"Tigger6b",24.8228989259246,18.691677541258,68.4008177382106,11.7330999194755,1.68026929184453,0
"Tigger7",330.971985678995,395.400871065072,331.743966030321,167.024128265475,254.840842596421,223.669667166239
"Tigger8",164.733783781136,129.403921439478,11.9701431041869,84.8924288291462,25.7641291416162,14.911311144416
"Tigger9a",72.2120696026898,116.46352929553,155.611860354429,37.9600291512442,26.8843086695125,12.2001636636131
"Tigger9b",54.9112612603787,58.9506753224289,82.0809812858527,40.0305761958576,86.2538236480194,37.9560647312406
"UCON12",0,1.43782134932754,0,5.52145878563552,1.68026929184453,0
"UCON14",2.25662717508406,5.75128539731014,0,0,0,12.2001636636131
"UCON15",0,0,0,0.690182348204441,0,12.2001636636131
"UCON17",0,0,0,2.07054704461332,8.96143622317085,0
"UCON19",0,0,0,0,3.92062834763725,6.77786870200725
"UCON1",1.5044181167227,0,0,14.4938293122933,28.5645779613571,0
"UCON20",3.00883623344541,1.43782134932754,0,0,3.36053858368907,0
"UCON21",2.25662717508406,1.43782134932754,0,0,0.560089763948178,16.2668848848174
"UCON22",0.752209058361352,1.43782134932754,0,2.76072939281776,2.24035905579271,5.4222949616058
"UCON26",1.5044181167227,2.87564269865507,0,20.0152880979288,18.4829622102899,0
"UCON28a",4.51325435016811,1.43782134932754,0,2.07054704461332,1.68026929184453,8.1334424424087
"UCON28b",4.51325435016811,4.31346404798261,109.441308381137,0,5.60089763948178,0
"UCON28c",0.752209058361352,1.43782134932754,0,6.21164113383997,7.84125669527449,0
"UCON29",23.3184808092019,48.8859258771362,68.4008177382106,2.07054704461332,8.96143622317085,21.6891798464232
"UCON2",10.5309268170589,11.5025707946203,0,3.4509117410222,6.16098740342996,0
"UCON31",2.25662717508406,1.43782134932754,63.2707564078448,1.38036469640888,5.0408078755336,0
"UCON4",32.3449895095382,77.6423528636869,0,15.1840116604977,34.725565364787,0
"UCON5",1.5044181167227,0,0,4.14109408922664,5.0408078755336,0
"UCON6",7.52209058361352,0,0,8.28218817845329,5.0408078755336,0
"UCON7",0,0,0,10.3527352230666,30.2448472532016,0
"UCON8",0.752209058361352,0,0,4.14109408922664,2.80044881974089,29.8226222888319
"UCON9",0,1.43782134932754,0,49.0029467225153,105.856965386206,122.001636636131
"X1_LINE",2.25662717508406,2.87564269865507,0,2.07054704461332,5.0408078755336,0
"X2_LINE",0,2.87564269865507,0,10.3527352230666,28.5645779613571,10.8445899232116
"X5B_LINE",5.26546340852947,0,0,0,3.92062834763725,0
"X6A_LINE",21.0618536341179,37.3833550825159,37.6204497560158,96.6255287486217,91.8547212875012,63.7119657988682
"X7A_LINE",100.04380476206,100.647494452927,59.8507155209343,32.4385703656087,38.6461937124243,23.0447535868247
"X7B_LINE",39.8670800931517,83.3936382609971,13.6801635476421,21.3956527943377,50.408078755336,0
"X7C_LINE",57.1678884354628,47.4481045278087,0,126.303369721413,269.963266223022,665.586706537112
"X7D_LINE",1.5044181167227,0,0,4.14109408922664,9.52152598711903,4.06672122120435
"X8_LINE",9.77871775869758,5.75128539731014,0,2.76072939281776,6.16098740342996,0
"X9_LINE",0.752209058361352,1.43782134932754,0,1857.28069901815,1723.39620366854,2967.35091773877
"Zaphod2",12.0353449337816,14.3782134932754,32.49038842565,17.9447410533155,34.725565364787,2.7111474808029
"Zaphod3",63.1855609023536,40.258997781171,76.9509199554869,70.3985995168529,66.090592145885,4.06672122120435
"Zaphod",81.9907873613874,104.96095850091,78.6609403989422,264.339839362301,262.682099291696,207.402782281422
