"GM18558","GM18960","GM19240","Judith","Leo","Maryke"
"(CATTC)n",14,28,26,3,0,0
"(GAATG)n",28,36,8,109,22,27
"7SK",25,8,24,201,92,15
"ACRO1",85,2,50,19,16,0
"ALR/Alpha",219,465,307,14,0,7
"AluJb",29109,12846,12462,90320,46785,29005
"AluJo",16056,7549,6246,25429,11635,8778
"AluJr4",3608,1617,1667,4968,2416,1384
"AluJr",17120,7906,6570,69425,31768,20783
"AluSc5",1212,607,522,2054,823,651
"AluSc8",7416,2017,2042,12660,5456,3405
"AluSc",5746,2517,2464,24767,9503,6108
"AluSg4",1552,770,738,5919,2700,1473
"AluSg7",1475,660,579,5591,2649,1797
"AluSg",8782,3880,4316,24817,11014,8302
"AluSp",11590,5431,5168,53523,21747,15467
"AluSq10",455,178,132,462,185,85
"AluSq2",11131,4890,4889,33394,15721,9472
"AluSq4",216,85,111,1381,698,399
"AluSq",5181,2202,2488,6937,2996,1984
"AluSx1",24532,10520,10533,70870,27271,20045
"AluSx3",5850,2618,2377,18059,6816,9372
"AluSx4",1323,531,769,6725,2950,2255
"AluSx",27983,12457,11871,84650,35963,26494
"AluSz6",9623,4428,4408,24206,11410,7018
"AluSz",21309,9167,9780,66505,29813,20508
"AluY",18959,8322,9153,67053,31318,20162
"AluYa5",283,116,99,9,6,6
"AluYa8",12,12,0,22,5,1
"AluYb8",208,96,137,11,4,17
"AluYb9",27,16,0,0,3,2
"AluYc3",94,47,79,268,65,139
"AluYc",608,240,318,1995,753,577
"AluYd8",19,13,0,0,0,0
"AluYg6",39,19,26,34,11,10
"AluYh9",11,7,0,38,10,1
"AluYk11",52,45,34,80,29,6
"AluYk12",8,5,0,7,2,1
"AluYk4",185,62,135,317,102,102
"AmnSINE1",77,46,0,499,199,119
"Arthur1",115,77,22,422,139,98
"Arthur1A",87,50,48,301,110,58
"Arthur1B",111,51,54,361,155,99
"Arthur1C",34,21,0,77,18,7
"BLACKJACK",286,177,102,984,420,342
"BSR/Beta",132,171,225,2561,682,558
"CER",65,36,52,0,0,0
"CR1_Mam",465,308,21,564,208,61
"Charlie10",203,133,143,177,84,40
"Charlie10a",35,18,0,84,44,79
"Charlie10b",25,13,34,19,5,11
"Charlie11",17,3,0,38,28,15
"Charlie12",56,65,16,0,0,0
"Charlie13a",62,31,25,134,48,32
"Charlie13b",83,44,21,58,22,9
"Charlie14a",42,17,0,114,47,25
"Charlie15a",545,285,107,999,430,185
"Charlie16a",207,105,95,274,69,60
"Charlie17a",154,72,126,781,240,238
"Charlie18a",346,216,215,707,294,165
"Charlie19a",285,195,326,807,218,177
"Charlie1",551,226,199,1027,396,278
"Charlie1a",1375,705,692,2619,1196,816
"Charlie1b",366,220,226,848,235,192
"Charlie20a",72,46,34,168,67,22
"Charlie21a",105,41,52,281,84,36
"Charlie22a",126,67,59,292,99,116
"Charlie23a",248,82,68,586,165,129
"Charlie24",238,116,174,134,61,20
"Charlie25",94,49,107,232,135,66
"Charlie26a",33,6,14,59,28,9
"Charlie2a",260,118,154,465,172,126
"Charlie2b",491,234,137,1497,625,512
"Charlie3",54,26,0,653,279,174
"Charlie4",42,17,0,156,47,37
"Charlie4a",499,244,115,659,286,133
"Charlie4z",1112,549,482,2569,1086,780
"Charlie5",359,189,112,4164,1707,1891
"Charlie6",13,10,18,78,34,12
"Charlie7",469,204,74,1542,568,530
"Charlie7a",164,69,23,192,81,34
"Charlie8",782,332,395,1243,472,380
"Charlie9",210,91,64,211,82,65
"Cheshire",223,122,102,583,353,140
"D20S16",58,43,56,15,6,1
"DNA1_Mam",23,16,24,92,22,47
"ERV3-16A3_I-int",831,1833,972,3430,1590,715
"ERV3-16A3_LTR",63,25,37,313,67,78
"ERVL-B4-int",596,386,77,3934,2024,1575
"ERVL-E-int",818,443,430,6158,3957,1771
"ERVL-int",65,30,59,150,76,41
"Eulor10",0,2,0,1,0,0
"Eulor11",0,0,0,3,0,0
"Eulor12",0,1,0,16,18,24
"Eulor1",7,1,0,33,6,9
"Eulor2A",0,0,0,3,1,0
"Eulor2B",10,7,0,14,0,1
"Eulor2C",6,14,0,1,3,1
"Eulor3",0,0,0,5,2,0
"Eulor4",0,0,0,10,5,0
"Eulor5A",16,6,52,10,0,0
"Eulor5B",0,0,0,1,4,0
"Eulor6A",0,0,0,7,0,0
"Eulor6B",3,1,0,0,0,0
"Eulor6C",0,0,0,0,0,0
"Eulor6D",6,0,0,11,12,0
"Eulor6E",0,0,0,0,0,0
"Eulor7",0,0,0,0,0,0
"Eulor8",11,2,0,60,7,14
"Eulor9A",9,2,0,13,6,10
"Eulor9B",0,0,0,13,0,0
"Eulor9C",2,3,0,22,1,0
"FAM",816,375,436,779,305,224
"FLAM_A",2218,1012,1359,4131,1878,1237
"FLAM_C",3112,1419,1572,5592,2148,1757
"FRAM",1112,476,406,5469,2260,1518
"FordPrefect",22,29,15,268,122,41
"FordPrefect_a",9,3,0,53,12,10
"GSAT",0,3,0,11,4,0
"GSATII",89,82,47,13,3,0
"GSATX",3,4,0,126,36,18
"HAL1",4460,2287,1358,10283,4765,2548
"HAL1b",586,373,230,1698,654,540
"HERV-Fc1-int",53,12,0,0,0,0
"HERV-Fc1_LTR1",7,1,0,89,16,45
"HERV-Fc1_LTR2",0,0,0,0,0,0
"HERV-Fc1_LTR3",0,0,0,1,1,0
"HERV-Fc2-int",0,0,0,2,0,3
"HERV-Fc2_LTR",0,0,0,0,0,0
"HERV15-int",264,60,65,347,104,76
"HERV16-int",186,107,107,1000,527,287
"HERV17-int",233,100,60,3874,1872,1295
"HERV1_I-int",18,11,18,169,32,71
"HERV1_LTRa",12,4,0,12,0,0
"HERV1_LTRb",1,0,0,0,0,0
"HERV1_LTRc",4,3,0,4,0,0
"HERV1_LTRd",126,38,59,0,13,0
"HERV1_LTRe",9,9,0,3,0,0
"HERV3-int",1095,332,273,152,28,72
"HERV30-int",7,0,0,6,18,2
"HERV35I-int",46,12,80,99,44,37
"HERV4_I-int",288,140,23,243,102,85
"HERV9-int",357,100,148,222,94,54
"HERVE-int",803,309,435,349,93,48
"HERVE_a-int",357,366,349,548,232,74
"HERVFH19-int",14,5,0,211,130,51
"HERVFH21-int",45,14,0,24,14,1
"HERVH-int",1195,564,726,5295,2459,1241
"HERVH48-int",115,40,43,379,216,79
"HERVI-int",411,123,33,64,21,12
"HERVIP10F-int",931,267,215,289,194,213
"HERVIP10FH-int",289,69,170,431,149,128
"HERVK-int",440,160,108,454,188,133
"HERVK11-int",107,42,0,168,49,17
"HERVK11D-int",10,0,0,104,18,15
"HERVK13-int",125,47,0,48,7,2
"HERVK14-int",171,110,207,96,44,9
"HERVK14C-int",2,6,24,29,3,3
"HERVK22-int",246,77,140,81,87,31
"HERVK3-int",403,114,99,209,34,83
"HERVK9-int",765,326,338,903,372,209
"HERVKC4-int",10,1,0,4,1,0
"HERVL-int",513,297,344,4424,1312,1138
"HERVL18-int",79,93,97,225,62,52
"HERVL32-int",7,1,0,47,13,14
"HERVL40-int",144,84,35,887,237,361
"HERVL66-int",26,11,0,119,36,15
"HERVL74-int",133,155,0,91,45,0
"HERVP71A-int",85,43,21,146,93,69
"HERVS71-int",68,42,0,1157,534,443
"HSAT4",51,18,21,66,12,19
"HSAT5",49,29,16,5,1,10
"HSAT6",0,0,0,21,6,22
"HSATI",3,21,0,0,2,1
"HSMAR1",214,106,61,1014,889,763
"HSMAR2",489,243,58,1132,441,346
"HUERS-P1-int",77,28,64,309,169,82
"HUERS-P2-int",56,14,39,158,69,21
"HUERS-P3-int",112,49,0,264,108,46
"HUERS-P3b-int",133,65,26,723,376,137
"Harlequin-int",1387,735,1114,889,339,154
"Helitron1Na_Mam",15,14,0,312,77,57
"Helitron1Nb_Mam",10,7,0,104,13,31
"Helitron2Na_Mam",41,20,0,102,25,9
"Helitron3Na_Mam",159,77,79,330,236,115
"Kanga11a",76,62,17,284,130,11
"Kanga1",59,25,9,323,137,95
"Kanga1a",83,51,3,701,166,266
"Kanga1b",64,34,59,51,11,2
"Kanga1c",155,98,118,165,62,32
"Kanga1d",49,32,20,45,25,20
"Kanga2_a",153,91,58,704,297,181
"L1HS",447,215,43,116,54,15
"L1M1",1280,600,410,8685,2087,1961
"L1M2",1002,644,365,3157,1126,929
"L1M2a1",26,10,0,53,1,3
"L1M2a",48,22,3,827,313,312
"L1M2b",32,12,0,157,9,6
"L1M2c",88,27,52,2428,1533,862
"L1M3",726,407,411,4146,1411,1002
"L1M3a",380,313,95,374,97,128
"L1M3b",100,21,52,448,219,149
"L1M3c",62,41,44,566,279,137
"L1M3d",29,18,0,389,125,93
"L1M3de",32,9,3,136,32,25
"L1M3e",60,42,22,155,59,42
"L1M3f",82,57,84,282,130,45
"L1M4",3270,1730,1072,8371,4081,2351
"L1M4b",989,570,457,2222,820,468
"L1M4c",1012,496,275,1590,573,351
"L1M5",9228,4813,4265,17799,7732,4900
"L1M6",442,240,77,2127,821,710
"L1M7",453,349,241,1206,588,480
"L1M",69,19,0,98,48,36
"L1MA10",337,183,125,1894,733,525
"L1MA1",661,406,299,12865,9256,5250
"L1MA2",774,508,491,6417,2358,1627
"L1MA3",1137,678,547,10295,3909,2752
"L1MA4",1229,540,446,11693,4846,3518
"L1MA4A",1060,841,399,9508,5146,2476
"L1MA5",2015,797,335,2512,1143,1609
"L1MA5A",490,243,217,2222,962,639
"L1MA6",669,405,357,5349,1742,1253
"L1MA7",991,595,396,5785,2615,1950
"L1MA8",1172,750,775,7144,3494,1926
"L1MA9",1691,1022,900,9001,4560,2459
"L1MB1",680,419,206,1968,728,467
"L1MB2",1975,1110,622,4083,1397,1142
"L1MB3",3414,1677,1484,8087,3553,1910
"L1MB4",1767,1051,739,4691,2258,1489
"L1MB5",1769,927,681,7044,2838,1837
"L1MB7",4829,2350,2070,11965,5071,3051
"L1MB8",3557,1667,961,16161,8321,5358
"L1MC1",2063,1415,1033,9121,4126,2331
"L1MC2",1035,619,389,4613,1298,1100
"L1MC3",1564,851,747,10215,4285,2709
"L1MC4",7863,4069,2212,9183,4300,2668
"L1MC4a",5406,2644,2043,3707,1509,997
"L1MC5",4235,2189,1572,5417,2127,1474
"L1MC",1810,800,672,2759,1127,823
"L1MCa",926,846,298,8479,3326,1961
"L1MCb",348,154,159,741,236,215
"L1MCc",522,324,160,1170,307,225
"L1MD1",982,586,378,3775,1531,1009
"L1MD2",2017,946,846,5835,2361,1549
"L1MD3",987,547,240,1421,519,313
"L1MD",935,638,442,4261,1514,972
"L1MDa",1249,623,459,3914,1857,908
"L1MDb",113,64,18,620,211,81
"L1ME1",5173,3243,2681,19278,8075,5266
"L1ME2",1762,983,795,6337,2270,1390
"L1ME2z",1075,499,283,3073,1342,804
"L1ME3",1689,677,517,7114,2891,2592
"L1ME3A",2538,1459,1370,9303,4078,2676
"L1ME3B",1195,790,554,9130,4177,2878
"L1ME3C",1602,747,708,2043,1080,744
"L1ME3D",477,287,199,1289,563,527
"L1ME3E",1066,788,361,1735,753,423
"L1ME3F",695,381,232,2137,1082,565
"L1ME4a",6075,3136,2414,12216,5515,3438
"L1ME5",549,386,232,804,250,246
"L1MEa",33,22,0,51,26,17
"L1MEb",108,66,28,525,225,65
"L1MEc",2500,1248,757,8445,3516,2434
"L1MEd",1189,587,416,6475,2550,2011
"L1MEf",1983,1279,890,18787,11271,2881
"L1MEg1",53,27,74,181,35,31
"L1MEg2",130,55,66,453,227,144
"L1MEg",2496,1250,768,5535,2522,1616
"L1P1",484,310,132,1640,1072,1032
"L1P2",510,268,59,1563,675,574
"L1P3",328,185,175,2071,1148,632
"L1P3b",3,5,4,11,1,0
"L1P4",265,197,67,3343,2086,1151
"L1P4a",30,38,24,493,177,123
"L1P4b",1,0,4,17,2,0
"L1P4c",6,4,0,14,3,6
"L1P4d",3,2,0,58,34,19
"L1P4e",23,19,0,42,31,18
"L1P5",27,7,4,43,17,22
"L1P",0,0,0,3,0,0
"L1PA10",1246,606,892,4276,1629,1022
"L1PA11",1054,746,368,3464,1326,954
"L1PA12",280,192,122,1348,703,387
"L1PA13",862,557,464,19916,11358,7649
"L1PA14",610,198,211,2267,729,408
"L1PA15-16",160,67,94,1367,467,547
"L1PA15",904,481,296,4389,1763,1227
"L1PA16",1374,943,422,10635,4812,2976
"L1PA17",535,275,210,6097,2226,1482
"L1PA2",889,459,390,9020,3567,2703
"L1PA3",3345,1698,1361,23888,11817,7270
"L1PA4",2666,1784,1226,20418,9656,6760
"L1PA5",3580,1813,1444,15736,6856,3979
"L1PA6",2175,1139,563,15088,5957,5476
"L1PA7",3301,2364,1412,16094,7300,4626
"L1PA8",814,410,244,4673,1931,1127
"L1PA8A",250,113,52,6060,2637,1660
"L1PB1",2001,942,644,14129,7891,4401
"L1PB2",305,192,145,2535,1323,935
"L1PB3",432,217,190,3172,1118,633
"L1PB4",844,465,311,5294,1836,1930
"L1PB",229,101,60,478,158,216
"L1PBa1",86,33,17,493,162,114
"L1PBa",246,95,48,1573,543,314
"L1PBb",55,32,0,111,37,65
"L1PREC2",1364,713,676,4708,1944,1216
"L2",8855,3912,3426,21444,9529,6215
"L2a",24931,11590,9715,65860,26726,17140
"L2b",14699,6779,6175,36315,15694,9941
"L2c",20558,10298,9566,60407,26797,17729
"L3",6150,3025,2847,14445,5924,3825
"L3b",685,380,273,3199,1062,1024
"L5",63,16,0,45,22,19
"LOR1-int",275,211,69,665,346,178
"LOR1a",96,89,103,279,68,78
"LOR1b",170,36,105,339,163,73
"LSAU",103,54,138,201,141,88
"LTR10A",103,42,0,162,73,45
"LTR10B1",252,57,29,19,4,1
"LTR10B",9,2,0,29,2,6
"LTR10C",106,34,69,426,124,84
"LTR10D",30,8,0,892,256,349
"LTR10E",210,74,33,65,16,12
"LTR10F",25,18,34,141,29,30
"LTR10G",21,7,22,26,2,7
"LTR12",273,75,83,712,417,202
"LTR12B",33,1,22,90,22,3
"LTR12C",1100,533,354,5116,2009,1590
"LTR12D",73,23,0,389,147,95
"LTR12E",8,5,0,83,42,25
"LTR12F",43,36,102,191,92,36
"LTR12_",108,26,10,142,43,30
"LTR13",635,338,430,353,97,41
"LTR13A",208,96,79,153,35,34
"LTR13_",36,8,36,20,9,2
"LTR14",40,16,0,50,11,3
"LTR14A",33,11,1,17,10,1
"LTR14B",71,34,19,73,34,13
"LTR14C",3,0,0,25,10,7
"LTR15",38,3,46,219,61,7
"LTR16A1",168,156,117,1360,723,589
"LTR16A2",88,58,21,2213,940,426
"LTR16A",444,172,387,1835,767,445
"LTR16B1",71,41,19,391,176,44
"LTR16B2",119,74,33,719,332,222
"LTR16B",56,27,19,216,59,54
"LTR16C",539,309,211,3554,1704,1078
"LTR16D1",38,46,0,505,267,283
"LTR16D2",9,7,0,60,17,18
"LTR16D",53,25,9,247,98,32
"LTR16E1",144,73,39,735,249,202
"LTR16E2",147,85,43,1601,792,482
"LTR17",136,74,92,527,181,120
"LTR18A",8,12,11,11,5,0
"LTR18B",25,25,26,77,31,0
"LTR19-int",48,30,0,80,13,12
"LTR19A",126,34,0,359,198,111
"LTR19B",33,15,0,368,178,34
"LTR19C",46,15,71,60,44,52
"LTR1",303,143,133,134,134,44
"LTR1B",76,75,89,330,154,106
"LTR1C",9,3,0,1169,677,515
"LTR1D",79,46,6,80,29,25
"LTR21A",53,23,0,76,7,0
"LTR21B",12,4,0,0,0,0
"LTR22",5,8,2,18,12,10
"LTR22A",29,19,0,74,26,4
"LTR22B",28,5,31,49,46,18
"LTR22C",74,54,48,0,0,0
"LTR23-int",48,11,68,20,3,4
"LTR23",83,28,32,198,78,63
"LTR24",126,28,1,330,112,67
"LTR24B",101,44,45,102,15,14
"LTR24C",38,30,10,207,36,58
"LTR25-int",108,41,0,87,34,37
"LTR25",199,198,41,29,9,24
"LTR26",41,16,72,194,71,49
"LTR26B",29,24,16,72,28,3
"LTR26E",66,44,30,91,42,31
"LTR27",36,12,0,158,60,7
"LTR27B",74,26,17,68,15,10
"LTR28",59,27,0,345,216,105
"LTR29",125,77,3,165,56,69
"LTR2",325,168,81,480,199,102
"LTR2B",204,109,199,156,63,24
"LTR2C",142,78,36,126,49,14
"LTR30",12,5,33,11,2,2
"LTR31",27,26,29,332,144,107
"LTR32",88,54,0,591,168,112
"LTR33",698,400,335,4142,1691,930
"LTR33A",148,157,110,1917,872,808
"LTR33A_",124,41,0,595,236,181
"LTR33B",107,101,89,219,122,60
"LTR33C",107,47,57,134,54,57
"LTR34",44,14,22,123,78,68
"LTR35",16,27,0,5,2,0
"LTR35A",8,1,0,93,64,30
"LTR35B",21,12,0,45,7,21
"LTR36",23,20,0,124,59,40
"LTR37A",123,80,34,1049,521,235
"LTR37B",212,53,67,521,202,77
"LTR38-int",0,0,0,56,19,14
"LTR38",24,12,19,34,7,11
"LTR38B",4,6,0,16,4,2
"LTR38C",15,19,0,63,17,19
"LTR39-int",3,0,0,73,14,5
"LTR39",112,72,1,303,85,79
"LTR3",11,15,0,433,186,115
"LTR3A",103,127,111,56,27,10
"LTR3B",7,1,0,66,6,10
"LTR3B_",19,9,0,36,10,0
"LTR40A1",14,14,47,211,103,48
"LTR40a",233,59,111,360,128,103
"LTR40b",166,64,110,296,112,83
"LTR40c",90,40,29,324,149,200
"LTR41",248,164,330,351,141,84
"LTR41B",91,71,179,197,111,43
"LTR42",118,43,45,281,145,62
"LTR43-int",35,24,0,30,27,0
"LTR43",134,49,111,387,233,146
"LTR43B",24,11,13,122,36,29
"LTR44",27,10,0,110,32,49
"LTR45",3,2,0,27,9,7
"LTR45B",62,37,2,172,53,14
"LTR45C",188,134,0,125,37,36
"LTR46-int",35,5,0,21,0,4
"LTR46",102,31,18,44,7,13
"LTR47A",91,42,0,166,27,44
"LTR47B",82,26,68,20,3,0
"LTR48",58,41,37,501,280,144
"LTR48B",152,141,129,381,181,158
"LTR49-int",515,172,146,1006,949,419
"LTR49",146,58,0,279,99,120
"LTR4",30,1,39,243,66,93
"LTR50",305,101,89,1880,978,644
"LTR51",46,13,43,102,24,19
"LTR52-int",11,6,35,31,15,13
"LTR52",57,32,20,237,106,22
"LTR53",111,121,42,157,57,95
"LTR54",194,71,90,357,104,90
"LTR54B",54,30,6,175,68,58
"LTR55",33,5,0,198,66,62
"LTR56",102,52,22,419,170,131
"LTR57-int",43,31,29,87,15,56
"LTR57",33,25,11,28,15,1
"LTR58",3,0,0,1,1,0
"LTR59",8,11,0,11,2,11
"LTR5",6,6,0,450,157,60
"LTR5A",217,124,184,194,38,37
"LTR5B",743,329,225,451,136,66
"LTR60",12,10,0,1,0,1
"LTR61",94,71,8,82,38,9
"LTR62",35,15,79,232,58,64
"LTR64",60,21,0,331,167,73
"LTR65",91,48,47,105,26,27
"LTR66",18,7,59,207,88,61
"LTR67B",303,265,196,963,347,234
"LTR68",36,14,22,65,29,7
"LTR69",6,1,0,24,4,24
"LTR6A",99,97,147,353,77,2
"LTR6B",21,23,10,46,25,9
"LTR70",133,55,62,50,0,0
"LTR71A",16,22,6,127,75,35
"LTR71B",40,15,10,93,33,25
"LTR72",40,28,1,57,11,0
"LTR72B",5,1,8,38,11,15
"LTR73",36,14,0,233,121,88
"LTR75",62,35,24,91,37,29
"LTR75B",7,4,0,16,10,6
"LTR75_1",12,7,24,103,50,25
"LTR76",106,66,42,14,25,3
"LTR77",3,8,0,61,30,19
"LTR78",496,271,125,3946,2557,1589
"LTR78B",162,63,35,777,298,154
"LTR79",304,204,143,788,336,280
"LTR7",189,129,158,909,512,235
"LTR7B",158,72,51,406,136,137
"LTR7C",76,30,53,203,74,15
"LTR7Y",24,5,13,27,5,11
"LTR80A",18,9,5,191,130,30
"LTR80B",14,5,0,104,14,22
"LTR81",9,4,0,38,15,6
"LTR81A",37,26,65,237,96,114
"LTR81AB",6,0,0,30,13,0
"LTR81B",54,19,133,201,65,63
"LTR81C",34,13,0,446,252,201
"LTR82A",65,32,37,318,155,112
"LTR82B",91,45,120,501,154,97
"LTR83",38,25,0,201,75,28
"LTR84a",47,43,0,309,188,133
"LTR84b",53,43,26,230,57,19
"LTR85a",248,387,126,555,221,238
"LTR85b",49,24,16,248,84,66
"LTR85c",65,33,0,486,239,95
"LTR86A1",189,44,11,138,56,20
"LTR86A2",17,21,0,61,15,2
"LTR86B1",23,5,0,76,21,3
"LTR86B2",8,3,41,59,5,17
"LTR86C",39,13,23,276,73,48
"LTR87",159,66,29,142,63,32
"LTR88a",54,70,23,3143,936,1312
"LTR88b",68,52,160,2301,1199,694
"LTR88c",22,14,14,110,51,24
"LTR89",145,61,46,188,133,60
"LTR8",568,301,388,2743,756,434
"LTR8A",394,181,141,711,284,162
"LTR90A",53,42,0,128,52,26
"LTR90B",26,14,0,169,37,14
"LTR9",159,93,59,516,290,136
"LTR9B",38,20,37,590,234,214
"Looper",398,148,86,191,75,25
"MADE1",333,179,310,1510,649,494
"MADE2",187,79,54,346,112,644
"MARNA",817,537,672,1219,387,327
"MER101-int",307,150,13,208,88,67
"MER101",95,38,38,42,18,1
"MER101B",23,4,4,99,22,27
"MER102a",402,194,11,582,158,151
"MER102b",600,294,207,909,400,283
"MER102c",381,223,301,1551,492,414
"MER103C",1068,603,543,2458,866,814
"MER104",333,166,257,363,167,79
"MER105",156,57,42,121,33,10
"MER106A",62,10,70,263,81,43
"MER106B",97,38,24,377,76,108
"MER107",91,34,0,27,10,0
"MER110-int",42,16,0,103,41,45
"MER110",53,22,0,173,89,50
"MER110A",32,25,17,87,28,68
"MER112",624,305,285,1218,461,344
"MER113",739,369,371,1835,641,611
"MER113A",191,113,84,466,181,121
"MER115",175,80,102,1270,551,430
"MER117",388,219,108,1621,732,512
"MER119",168,99,70,327,105,80
"MER11A",148,68,65,390,153,71
"MER11B",219,256,124,544,223,154
"MER11C",797,310,419,711,250,106
"MER11D",56,43,28,209,207,93
"MER121",18,5,0,187,60,82
"MER123",1,0,0,1,2,0
"MER124",70,24,35,205,127,62
"MER125",13,0,0,15,3,0
"MER126",19,17,47,30,13,15
"MER127",10,0,0,13,6,9
"MER129",5,0,0,32,10,1
"MER130",3,0,0,24,14,26
"MER131",24,12,16,197,88,129
"MER132",1,3,0,5,1,0
"MER133A",4,1,0,6,4,0
"MER133B",9,3,0,9,0,1
"MER134",0,0,0,9,5,0
"MER135",38,6,0,43,9,24
"MER136",0,0,0,2,0,0
"MER1A",792,386,271,2099,1019,657
"MER1B",1243,808,416,1420,572,239
"MER20",3090,1498,1598,5960,2170,1587
"MER20B",551,295,78,3405,609,921
"MER21-int",79,44,5,573,231,118
"MER21A",536,244,229,1009,509,390
"MER21B",535,242,219,2387,1142,504
"MER21C",970,560,688,2787,1031,788
"MER2",1477,700,476,2864,1138,2363
"MER2B",185,132,60,789,266,207
"MER30",653,305,321,844,386,243
"MER30B",13,6,0,12,4,3
"MER31-int",398,396,347,492,230,173
"MER31A",138,65,68,378,196,142
"MER31B",214,103,68,1280,468,373
"MER33",1699,891,675,3077,1354,872
"MER34-int",80,34,17,139,58,43
"MER34",136,76,120,538,167,193
"MER34A1",77,48,53,147,37,13
"MER34A",155,63,88,233,97,36
"MER34B-int",248,205,71,180,46,64
"MER34B",58,22,30,166,42,36
"MER34C2",105,35,14,705,222,228
"MER34C",14,1,12,10,2,0
"MER34C_",220,124,9,93,20,33
"MER34D",29,8,12,268,145,73
"MER39",322,179,140,2221,1149,814
"MER39B",184,105,78,1405,598,434
"MER3",1585,835,650,3578,1675,1078
"MER4-int",438,137,166,3018,1539,2966
"MER41-int",266,167,126,1656,813,526
"MER41A",370,178,187,1076,555,329
"MER41B",316,160,79,2171,1052,526
"MER41C",88,38,34,363,220,121
"MER41D",83,57,32,103,28,15
"MER41E",36,42,51,175,89,30
"MER41G",30,10,9,51,13,6
"MER44A",340,202,91,406,171,163
"MER44B",282,164,174,624,237,234
"MER44C",310,369,276,326,98,115
"MER44D",82,47,43,228,75,60
"MER45A",305,144,277,861,376,196
"MER45B",97,95,73,665,352,168
"MER45C",101,29,11,680,500,197
"MER45R",51,28,19,302,204,75
"MER46C",555,303,248,722,312,212
"MER47A",539,227,97,1042,450,336
"MER47B",131,45,30,102,37,32
"MER47C",52,34,37,37,20,1
"MER48",24,18,9,52,16,0
"MER49",395,221,38,343,103,50
"MER4A1",308,113,143,3952,2152,1528
"MER4A1_",97,17,22,158,57,16
"MER4A",282,112,132,298,141,44
"MER4B-int",138,81,81,4913,3598,2006
"MER4B",162,129,151,550,272,112
"MER4C",148,79,101,151,62,64
"MER4D0",79,34,33,92,6,11
"MER4D1",174,75,1,558,189,149
"MER4D",181,58,17,438,143,88
"MER4E1",149,91,69,403,105,42
"MER4E",111,62,70,94,25,31
"MER50-int",22,19,3,248,96,90
"MER50",240,161,120,664,232,202
"MER50B",75,32,6,129,75,123
"MER50C",18,10,17,57,31,6
"MER51-int",80,30,0,574,178,69
"MER51A",151,82,18,621,334,160
"MER51B",69,33,32,272,125,75
"MER51C",43,26,1,22,11,11
"MER51D",51,23,40,67,43,14
"MER51E",32,16,8,45,17,4
"MER52-int",20,18,0,575,276,181
"MER52A",312,132,41,2501,1171,753
"MER52C",133,77,126,139,43,57
"MER52D",52,19,1,2878,1848,1418
"MER53",383,166,154,10432,3930,3121
"MER54A",291,91,123,156,38,20
"MER54B",21,16,0,191,65,53
"MER57-int",213,78,124,608,286,193
"MER57A-int",281,119,102,512,113,159
"MER57A1",76,65,75,169,53,57
"MER57B1",74,28,110,317,91,104
"MER57B2",74,21,32,805,279,204
"MER57C1",58,40,31,22,15,3
"MER57C2",34,8,16,63,17,16
"MER57D",23,30,62,375,324,255
"MER57E1",43,28,43,41,22,27
"MER57E2",4,4,0,7,0,13
"MER57E3",94,37,9,65,16,4
"MER57F",220,206,14,162,35,27
"MER58A",1883,1064,688,10135,3390,3001
"MER58B",1103,526,617,1594,546,369
"MER58C",314,140,140,626,251,138
"MER58D",111,43,30,473,218,181
"MER5A1",1643,902,767,3197,1251,790
"MER5A",3688,1881,1469,10925,4039,3293
"MER5B",2874,1773,1157,7409,3345,2735
"MER5C1",69,30,64,78,32,3
"MER5C",164,88,48,400,180,158
"MER61-int",117,64,67,729,317,122
"MER61A",29,21,26,139,46,21
"MER61B",50,29,0,44,18,17
"MER61C",27,7,0,73,21,10
"MER61D",22,6,61,355,138,90
"MER61E",31,18,0,85,36,24
"MER61F",23,11,0,53,15,7
"MER63A",196,86,83,707,307,154
"MER63B",212,81,78,442,118,187
"MER63C",98,70,88,555,297,175
"MER63D",160,72,21,326,156,177
"MER65-int",124,48,80,558,163,134
"MER65A",108,71,46,1614,1014,560
"MER65B",32,12,0,28,13,6
"MER65C",53,79,31,84,29,34
"MER65D",46,31,12,150,60,32
"MER66-int",109,47,0,1473,712,587
"MER66A",66,52,34,422,306,115
"MER66B",108,26,45,297,113,102
"MER66C",59,23,59,2060,1035,545
"MER66D",30,13,9,48,13,1
"MER67A",87,87,70,49,12,4
"MER67B",99,58,58,396,230,155
"MER67C",227,115,99,291,104,72
"MER67D",26,30,19,351,129,135
"MER68-int",230,148,76,42,6,16
"MER68",599,237,283,843,267,119
"MER68B",148,42,133,178,80,48
"MER6",124,75,50,423,123,134
"MER6A",173,94,4,313,140,83
"MER6B",105,55,46,696,258,169
"MER6C",18,10,9,29,5,6
"MER70-int",109,79,20,661,180,446
"MER70A",45,12,0,242,79,43
"MER70B",15,6,0,229,116,69
"MER70C",15,2,53,44,12,17
"MER72",200,86,77,189,81,34
"MER72B",6,10,0,15,9,1
"MER73",21,4,8,52,52,22
"MER74A",188,82,65,809,399,161
"MER74B",102,54,29,287,109,112
"MER74C",23,21,0,75,20,5
"MER75",37,30,2,726,345,261
"MER75A",2,0,0,10,0,3
"MER75B",14,11,12,9,4,1
"MER76-int",35,12,20,262,93,153
"MER76",37,14,28,761,353,177
"MER77",289,127,144,2295,1208,788
"MER77B",202,86,166,1050,282,330
"MER81",336,147,148,1109,247,134
"MER83",53,14,9,181,108,72
"MER83A-int",3,5,0,32,9,10
"MER83B-int",29,2,15,128,28,15
"MER83B",52,26,50,31,18,1
"MER83C",13,7,0,31,3,5
"MER84-int",5,0,8,149,61,26
"MER84",24,6,43,92,33,10
"MER85",122,45,90,176,63,58
"MER87",27,36,10,134,44,43
"MER87B",62,34,64,820,430,170
"MER88",7,9,0,16,10,4
"MER89-int",58,44,19,46,18,24
"MER89",183,154,100,1127,401,377
"MER8",263,172,38,757,368,221
"MER90",154,69,76,300,123,71
"MER90a",191,117,129,702,234,192
"MER91A",446,188,167,794,342,282
"MER91B",190,80,41,403,158,97
"MER91C",91,51,77,320,147,121
"MER92A",2,0,0,10,2,0
"MER92B",233,108,39,230,91,27
"MER92C",11,4,0,6,9,0
"MER94",358,170,179,673,296,220
"MER94B",49,22,0,149,67,42
"MER95",43,35,2,6,2,1
"MER96",72,42,20,130,43,9
"MER96B",126,39,69,666,286,279
"MER97a",4,1,15,19,3,0
"MER97b",6,4,0,3,3,25
"MER97c",24,8,0,31,9,3
"MER97d",28,17,29,19,3,1
"MER99",26,18,27,41,5,0
"MER9B",1,0,0,69,15,2
"MER9a1",73,33,24,193,65,52
"MER9a2",164,106,151,94,36,6
"MER9a3",70,20,57,534,242,191
"MERX",26,22,54,58,33,26
"MIR3",12354,5850,5873,34066,14153,11001
"MIR",22103,10581,8754,58109,25089,16628
"MIRb",28686,12999,12611,89811,38834,25384
"MIRc",13546,6330,4937,38914,16116,10806
"MLT-int",85,38,37,229,53,29
"MLT1-int",12,6,0,20,13,16
"MLT1A-int",33,16,0,533,275,143
"MLT1A0-int",57,40,10,729,263,227
"MLT1A0",1778,960,792,8287,3724,2535
"MLT1A1-int",42,17,9,89,41,49
"MLT1A1",752,399,428,3280,1163,899
"MLT1A",776,484,382,3338,1525,865
"MLT1B-int",203,88,164,104,24,15
"MLT1B",2388,1445,1104,5888,2223,1368
"MLT1C-int",103,49,0,20,5,11
"MLT1C",2929,1320,1046,2847,1279,708
"MLT1D-int",51,25,14,93,42,5
"MLT1D",2636,1247,1137,8152,3297,2047
"MLT1E-int",0,0,0,2,0,0
"MLT1E1-int",2,6,0,0,0,0
"MLT1E1",129,55,5,561,202,133
"MLT1E1A-int",10,2,0,19,95,17
"MLT1E1A",308,122,35,1527,666,299
"MLT1E2-int",9,11,0,63,21,31
"MLT1E2",558,319,375,1964,774,531
"MLT1E3-int",8,31,0,20,1,0
"MLT1E3",214,102,4,619,185,200
"MLT1E",73,29,46,347,212,79
"MLT1F-int",120,62,103,364,127,119
"MLT1F1-int",155,35,14,43,15,12
"MLT1F1",647,325,329,772,331,139
"MLT1F2-int",41,12,26,111,33,41
"MLT1F2",895,443,170,2775,1071,877
"MLT1F",652,341,313,2050,858,574
"MLT1G-int",141,51,8,34,6,0
"MLT1G1-int",10,12,0,74,17,0
"MLT1G1",245,177,160,2196,930,625
"MLT1G3-int",9,6,0,38,18,4
"MLT1G3",312,122,94,1307,543,358
"MLT1G",349,183,81,843,450,246
"MLT1H-int",62,45,56,671,279,211
"MLT1H1-int",12,10,20,62,28,0
"MLT1H1",319,219,128,2495,1056,431
"MLT1H2-int",19,9,6,1270,526,570
"MLT1H2",319,165,52,1505,550,327
"MLT1H",903,496,378,3819,1562,1109
"MLT1I-int",43,22,5,136,54,38
"MLT1I",851,420,731,2771,1154,798
"MLT1J-int",83,40,61,176,81,60
"MLT1J1-int",19,12,10,114,37,4
"MLT1J1",236,116,135,6725,4521,3588
"MLT1J2-int",60,31,49,144,62,22
"MLT1J2",415,244,300,2670,990,962
"MLT1J",2100,1539,1215,5659,2288,1649
"MLT1K-int",6,8,0,11,1,6
"MLT1K",1781,991,999,7229,2826,1978
"MLT1L-int",12,2,13,22,3,2
"MLT1L",1007,495,456,5334,2452,1548
"MLT1M-int",0,0,0,0,0,0
"MLT1M",230,92,172,874,408,261
"MLT1N2-int",2,0,0,11,6,5
"MLT1N2",473,229,136,1859,747,577
"MLT2A1",267,137,123,1108,344,291
"MLT2A2",306,214,227,1885,749,497
"MLT2B1",260,94,78,3309,1589,656
"MLT2B2",91,50,21,786,240,213
"MLT2B3",535,297,158,733,230,200
"MLT2B4",407,213,110,1491,480,561
"MLT2B5",1,3,8,214,133,147
"MLT2C1",214,92,90,1091,271,334
"MLT2C2",98,50,77,1324,936,564
"MLT2D",377,113,167,1196,597,299
"MLT2E",15,7,0,40,19,10
"MLT2F",99,71,98,835,291,256
"MSR1",75,15,95,313,142,81
"MST-int",2109,1457,521,47,26,18
"MSTA-int",655,322,349,1824,614,431
"MSTA",1558,971,991,9183,4067,2668
"MSTB-int",139,50,19,1050,323,206
"MSTB1-int",23,9,0,1068,340,291
"MSTB1",426,287,193,2077,748,419
"MSTB2-int",2,0,0,21,5,0
"MSTB2",108,67,29,315,114,100
"MSTB",741,407,459,6486,3721,2004
"MSTC-int",45,5,0,51,17,3
"MSTC",314,199,100,1420,426,446
"MSTD-int",204,84,94,883,357,141
"MSTD",704,323,365,3664,1705,922
"MamGyp-int",19,4,0,56,30,4
"MamGypLTR1a",65,36,50,110,51,21
"MamGypLTR1b",94,67,20,161,47,51
"MamGypLTR1c",130,67,19,446,141,186
"MamGypLTR1d",41,14,0,183,71,47
"MamGypLTR2b",34,13,23,201,94,102
"MamGypLTR2c",34,30,47,228,100,66
"MamGypLTR3",42,14,2,485,171,275
"MamRep137",411,207,259,555,177,122
"MamRep1527",59,28,77,251,109,68
"MamRep1879",112,49,68,457,172,163
"MamRep1894",30,31,37,230,74,61
"MamRep38",198,69,105,732,252,197
"MamRep4096",41,17,28,381,111,123
"MamRep434",199,108,35,1134,402,347
"MamRep488",26,18,39,133,40,5
"MamRep564",85,45,51,192,59,26
"MamRep605",475,267,182,1449,608,386
"Mam_R4",56,87,22,177,50,78
"Merlin1_HS",5,7,0,33,12,5
"ORSL-2a",9,4,4,256,53,90
"ORSL-2b",64,25,0,133,50,38
"ORSL",157,90,64,403,147,122
"PABL_A-int",140,54,34,90,60,44
"PABL_A",97,47,8,1536,902,153
"PABL_B-int",36,20,19,99,18,80
"PABL_B",54,46,0,85,82,27
"PRIMA4-int",269,69,97,380,230,131
"PRIMA41-int",131,164,48,190,96,27
"PRIMA4_LTR",42,26,18,272,130,65
"PRIMAX-int",25,11,8,16,6,4
"Plat_L3",485,321,153,525,184,198
"PrimLTR79",34,8,0,19,2,14
"REP522",12,9,8,469,98,43
"Ricksha",59,31,71,891,533,199
"Ricksha_0",45,34,45,159,52,29
"Ricksha_a",6,3,2,31,30,0
"Ricksha_b",18,3,0,40,14,9
"Ricksha_c",69,40,32,186,83,25
"SAR",0,0,0,0,0,0
"SATR1",129,32,47,644,174,227
"SATR2",45,18,18,568,50,129
"SST1",158,193,88,142,107,18
"SVA_A",186,122,153,1680,745,481
"SVA_B",254,160,84,882,403,198
"SVA_C",449,283,113,845,224,268
"SVA_D",951,574,306,7494,2302,1823
"TAR1",6,5,4,7,1,0
"THE1-int",321,165,147,91,19,19
"THE1A-int",607,497,146,3442,1327,967
"THE1A",320,177,248,1868,713,464
"THE1B-int",1781,864,688,3809,1793,853
"THE1B",2097,1315,1117,10313,5767,3236
"THE1C-int",525,213,334,1704,452,436
"THE1C",830,372,369,2361,881,738
"THE1D-int",526,402,320,1448,586,414
"THE1D",820,400,480,3938,1696,1412
"Tigger10",170,82,66,353,249,90
"Tigger11a",60,18,41,126,22,4
"Tigger12",44,9,21,262,91,63
"Tigger12A",92,50,81,112,41,9
"Tigger12c",198,78,95,123,43,25
"Tigger13a",485,223,58,1265,443,243
"Tigger14a",146,97,2,190,35,120
"Tigger15a",996,467,446,1521,622,515
"Tigger16a",49,63,40,687,279,478
"Tigger16b",186,76,116,668,394,300
"Tigger1",4583,2372,1393,12209,5580,3973
"Tigger1a_Art",54,59,83,11,3,2
"Tigger1a_Mars",5,3,0,3,2,0
"Tigger2",1334,443,297,978,343,279
"Tigger2a",485,242,179,850,242,296
"Tigger2b_Pri",253,142,187,785,263,176
"Tigger3",286,84,62,574,188,131
"Tigger3a",1021,511,390,2358,1324,868
"Tigger3b",1408,846,715,3760,1791,1571
"Tigger3c",381,207,220,526,216,135
"Tigger3d",35,9,15,42,16,6
"Tigger4",280,139,48,1087,400,295
"Tigger4a",792,328,499,3515,2102,1655
"Tigger4b",638,330,214,1245,516,394
"Tigger5",289,132,104,1395,731,686
"Tigger6a",172,81,22,768,359,144
"Tigger6b",33,13,40,15,2,4
"Tigger7",440,275,194,1271,419,306
"Tigger8",219,90,7,773,429,353
"Tigger9a",96,81,91,469,129,52
"Tigger9b",73,41,48,206,63,72
"UCON11",0,0,0,1,0,4
"UCON12",0,1,0,43,19,7
"UCON12A",0,0,0,4,3,0
"UCON14",3,4,0,16,10,0
"UCON15",0,0,0,4,7,0
"UCON16",1,1,0,1,0,0
"UCON17",0,0,0,1,1,0
"UCON18",0,0,0,0,0,0
"UCON19",0,0,0,9,3,0
"UCON1",2,0,0,36,5,2
"UCON20",4,1,0,0,4,0
"UCON21",3,1,0,5,1,4
"UCON22",1,1,0,7,4,0
"UCON23",1,0,0,25,0,1
"UCON24",0,0,0,0,0,0
"UCON25",0,0,0,15,4,0
"UCON26",2,2,0,17,9,1
"UCON28a",6,1,0,7,3,0
"UCON28b",6,3,64,26,7,4
"UCON28c",1,1,0,10,5,0
"UCON29",31,34,40,369,221,107
"UCON2",14,8,0,32,57,9
"UCON31",3,1,37,9,6,0
"UCON4",43,54,0,61,41,10
"UCON5",2,0,0,17,0,0
"UCON6",10,0,0,0,6,0
"UCON7",0,0,0,5,1,0
"UCON8",1,0,0,38,38,29
"UCON9",0,1,0,2,0,11
"X1_LINE",3,2,0,95,31,29
"X2_LINE",0,2,0,3140,2094,649
"X5B_LINE",7,0,0,14,9,5
"X6A_LINE",28,26,22,184,74,41
"X7A_LINE",133,70,35,261,119,85
"X7B_LINE",53,58,8,116,54,20
"X7C_LINE",76,33,0,320,128,81
"X7D_LINE",2,0,0,0,1,0
"X8_LINE",13,4,0,25,2,0
"X9_LINE",1,1,0,98,46,44
"Zaphod2",16,10,19,89,31,7
"Zaphod3",84,28,45,845,469,356
"Zaphod",109,73,46,482,183,63
