"baseMean","log2FoldChange","lfcSE","pvalue","padj"
"(CATTC)n",25.6610976393764,-0.297181927076821,0.793380476685086,0.562450157095661,0.730858198319072
"(GAATG)n",14.4172642929252,-7.98881732763684,3.07249383682142,5.22644416102e-06,7.91939166093538e-05
"7SK",70.6673532301116,2.04078194020849,0.674695439559758,0.000392548874731592,0.00290031978520697
"ACRO1",25.3857391386889,-8.87433602074145,3.27194203495784,2.8437543664257e-06,4.62239346106287e-05
"ALR/Alpha",710.767718432445,0.910468297569557,0.531721748006394,0.0472703997165915,0.130835100144374
"AluJb",20139.2792119751,-0.0474262989350708,0.355840067026351,0.874082499811395,0.934724587118884
"AluJo",10728.5832113523,-0.0922834442656381,0.485556600410285,0.816265553829841,0.898551288733851
"AluJr4",1900.98018202716,-1.08498770657419,0.344141360574647,0.00078577531508768,0.0052035787532473
"AluJr",15234.0314239,0.595915641528299,0.377594804491035,0.0965805333213328,0.219144661901704
"AluSc5",663.035319672596,-0.957256451051254,0.359812600923431,0.00430477769025767,0.0203718355860463
"AluSc8",3547.55867629159,-0.304211623673934,0.416726551083212,0.421442653096476,0.620707960244233
"AluSc",4665.12860515418,0.342948242896517,0.333301041874953,0.274851593822538,0.469822800912713
"AluSg4",1872.36858990995,1.01173855655747,0.408452619012419,0.00701930194010209,0.0307610585022121
"AluSg7",805.873252481078,-0.734168227336063,0.253685202013963,0.00271552592112362,0.0145054135678041
"AluSg",8490.1357565024,0.598430693037479,0.414815891143878,0.119560301600509,0.261337187361503
"AluSp",14356.6493218523,1.07667336144852,0.524426426996971,0.0189015009010849,0.0630520216625742
"AluSq10",217.093864200748,-0.701360675170715,0.38901973366707,0.049890190543871,0.136397034697923
"AluSq2",8053.25068746001,0.0450270285252851,0.325482013951804,0.891048585036152,0.94271885801458
"AluSq4",168.643110010067,0.150171402660058,0.396161280136495,0.682931037485339,0.814503166596779
"AluSq",3116.03696694893,-0.538656897183579,0.398997793356528,0.142072630197985,0.29064744026773
"AluSx1",20670.0992173836,0.432550934388636,0.373238714326473,0.214284516475361,0.394177690800356
"AluSx3",5032.08022381908,0.487981810084445,0.374321544980644,0.158888345199047,0.317067367428455
"AluSx4",1430.61344663847,0.730944914160966,0.429513458734703,0.0604812850746352,0.154698776589139
"AluSx",26846.6128919127,0.664270371094838,0.48048839147244,0.127107031141678,0.269274137063175
"AluSz6",6880.76766229332,-0.0616883179782763,0.326352763476678,0.838438056709361,0.915218098532563
"AluSz",20711.4671377295,0.670839995107527,0.427312622179148,0.0863385033440887,0.201006828097956
"AluY",19720.5389811638,0.74031333565305,0.448138016189253,0.0645100368448706,0.161999923986838
"AluYa5",95.2865911879313,-4.27520328983242,0.761683361376562,2.01053529038939e-09,5.99139516536039e-08
"AluYa8",13.0654541972019,0.3899922171467,0.863856069610584,0.452392284250635,0.649981470896055
"AluYb8",90.1159838834104,-5.20575248823239,0.719551957654871,5.87687058301026e-14,4.37826858434264e-12
"AluYb9",10.7421111523614,-0.333904347064279,0.906770193883467,0.481920181033946,0.672132046559045
"AluYc3",72.5150786091784,-0.571460459878483,0.572966341081198,0.227969651069895,0.412560461652806
"AluYc",829.478591382734,1.30134566145943,0.434341037655427,0.00104216425039103,0.00665496314178271
"AluYd8",5.77731982366137,-0.669278567479193,1.29816803897758,0.0717205876217146,0.176636987427284
"AluYg6",33.6197025757409,0.0111496425521276,0.633050105630836,0.985622793148845,0.994013081887668
"AluYh9",9.53868898473197,0.408385190971577,0.871531055451899,0.431214657234965,0.629729301330006
"AluYk11",27.9414662714706,-4.34148924326217,0.904214880089562,1.86765100739741e-07,3.88297674561228e-06
"AluYk12",2.20112986892142,-0.291394223613174,1.07709862958075,0.151194917725011,0.303748890890247
"AluYk4",104.327430788912,-1.27876208179273,0.508968047867232,0.00432264534503745,0.0203718355860463
"AmnSINE1",111.303245230583,1.38113928588359,1.04691382771578,0.0393044417978571,0.113348938604143
"Arthur1",161.843681449551,1.38105835912624,0.62318910027474,0.0083772108097598,0.0346723447403947
"Arthur1A",64.8232912544235,-0.312698971191716,0.431623322087755,0.420616202749576,0.620513011977098
"Arthur1B",132.070932122193,0.904398788835737,0.561082621807016,0.0570109389846515,0.147732694064575
"Arthur1C",19.4027734327216,0.0465687607502247,0.783260218095272,0.930740466376886,0.968663535437644
"BLACKJACK",275.143471595658,0.581733815236098,0.34104328901679,0.0697632963539647,0.172765614793475
"BSR/Beta",163.06842094863,-1.31688713655559,0.574498321587461,0.00715594506557256,0.0310554120806887
"CER",31.5960367381588,-9.59907413338671,3.02581509651036,6.30696317993554e-10,2.08830558624532e-08
"CR1_Mam",172.267811078629,-1.51031645777234,0.85936925065871,0.0170345405864204,0.0583481964914169
"Charlie10",218.045561381363,0.212652080780278,0.537641872727419,0.645171198950788,0.790113769673978
"Charlie10a",17.02761320396,-0.0265154399952427,0.787907508639311,0.953644693692197,0.988995998472187
"Charlie10b",20.9582385662804,-0.938919857846923,0.920019172085648,0.115690854809126,0.254747842855562
"Charlie11",6.2001351629541,0.0630258358623764,0.848127097426951,0.898599966272374,0.945115729232356
"Charlie12",29.1904309555705,-2.08870632918369,2.2193158911134,0.0131402955781942,0.0479486703955333
"Charlie13a",33.1340453924493,-0.486722941979171,0.829838781476996,0.361251896929357,0.563175169621353
"Charlie13b",33.325974009176,-1.74679127284463,0.767838808668668,0.00411307807046122,0.01966359248659
"Charlie14a",58.0663889775427,1.61417467927766,1.09143009720108,0.0230000568913644,0.073294066463602
"Charlie15a",300.619975950936,-0.271218780351748,0.420190050910896,0.47632858651698,0.667457298348244
"Charlie16a",131.150959725506,-0.495064417903502,0.369156444747473,0.148347594620587,0.299840453058854
"Charlie17a",93.466318589177,-1.41199946987331,0.718644050148251,0.0134704037150086,0.048625816945473
"Charlie18a",217.058270906612,-1.18033415096277,0.49994287879665,0.00745868678799851,0.0322128791713559
"Charlie19a",202.487904664759,-2.49517777261417,0.558886514525332,1.06031694630884e-06,1.9345374489798e-05
"Charlie1",342.09732694094,-0.10547741669831,0.560352159203047,0.817138923647227,0.898551288733851
"Charlie1a",1120.24506727388,0.0946901450787577,0.372901014440001,0.783141963364681,0.876296778518716
"Charlie1b",259.218517737604,-0.700922800816862,0.318991342004059,0.0200149112316752,0.0662715949671024
"Charlie20a",50.7601362630313,-0.378093074378521,0.496178838442196,0.3820162936843,0.585802000949852
"Charlie21a",56.9210574531711,-0.833555751363617,0.483379287890852,0.0500840243072994,0.136509505276603
"Charlie22a",71.6107391537741,-0.933842920143888,0.447085847253777,0.0203184029312919,0.0670282369762913
"Charlie23a",93.7357819399539,-1.06836712893704,0.812001991402247,0.0682224541371964,0.169620166401199
"Charlie24",142.088049463044,-1.44355481329161,0.517451606706556,0.00154488282194338,0.00933192731633364
"Charlie25",103.908328920651,-0.0818048467477035,0.508865441507422,0.84932601129596,0.920365718524878
"Charlie26a",39.4315584741029,1.3051045473254,0.688685712824587,0.0188245863686954,0.0630306375041713
"Charlie2a",178.948811465186,-0.419186262026311,0.406335892284048,0.258491767060013,0.450471032654292
"Charlie2b",397.21889602318,0.498286297040883,0.490509974101384,0.248835942696843,0.44138756502178
"Charlie3",34.1250278369392,0.324878119710845,0.783585234403115,0.537711411271911,0.717459928730823
"Charlie4",57.6347080938137,1.45798682210238,1.17173878008863,0.0369975241009473,0.108898149392906
"Charlie4a",248.595857374409,-0.622908315749588,0.377783654881474,0.0745143724648418,0.181021328759697
"Charlie4z",579.957646505172,-1.19101484689513,0.285950926027481,1.40249776097754e-05,0.00018997469671423
"Charlie5",245.01176351447,0.00742249791370267,0.396377665934444,0.98404961267602,0.994013081887668
"Charlie6",12.8221268698961,-0.475443903079874,0.916733666410308,0.353482684468726,0.553438738905502
"Charlie7",297.420402547688,0.314195391433356,0.453142205286453,0.441652373255224,0.63786303988719
"Charlie7a",75.0822282296842,-0.368407995390912,0.511371869170589,0.403996343857587,0.609060255326616
"Charlie8",442.618816239347,-0.867642787176079,0.310343565984266,0.00319944536533194,0.0165335500381893
"Charlie9",105.104679521435,-0.652286748139642,0.450548304002335,0.105894496166155,0.236083988958959
"Cheshire",119.77786873305,-1.17026922802083,0.506147576773371,0.00862364802869561,0.0352033851034423
"D20S16",37.4787777274671,-2.8071184141135,0.731117642728899,1.20313153390793e-05,0.000168062436142764
"DNA1_Mam",30.1282592147762,0.140938577333418,0.730782682913566,0.786530222306405,0.878947523427408
"ERV3-16A3_I-int",3686.50566385186,1.53924448151481,0.630459354554527,0.00386063715265339,0.0189637890905062
"ERV3-16A3_LTR",85.4816052802258,1.0503840476725,0.631155528485159,0.0422535420573885,0.120685835780528
"ERVL-B4-int",850.041605546953,1.47249907030128,0.703104585897888,0.00978565827861177,0.0378717684029391
"ERVL-E-int",729.470366131103,0.249816435338133,0.273278425891554,0.343897819888316,0.543901412085746
"ERVL-int",101.584959830678,0.945488117387916,0.507750161809612,0.0328011793306277,0.0987348630356267
"Eulor1",1.39725900828359,-0.160107279021435,1.00147711835053,0.565346996695998,NA
"Eulor2B",3.34789737553525,-0.531150884618825,1.11412856405058,0.198404555228945,0.374582362889919
"Eulor2C",4.29382212810833,-0.54791074412342,1.2018167381116,0.0952389175415892,0.216650362041172
"Eulor5A",26.6378269875922,-0.583678318767901,0.813377388087549,0.282786714177174,0.479717879458052
"Eulor6A",10.222330280438,6.28336594906786,3.09335100110432,0.000354828108811928,0.00277985428389745
"Eulor6D",3.56954245490558,0.244201762924068,0.997193675703116,0.481456848548464,0.672132046559045
"Eulor8",13.3522509406066,0.728311710026764,1.19842748368828,0.141788048956486,0.29064744026773
"Eulor9A",4.40323866981939,0.158165763355785,0.926869748556788,0.706692938935061,0.827571260127669
"Eulor9C",3.97883180534893,0.501944516492891,0.982088529336014,0.31187601517402,0.511591114799219
"FAM",467.432114100895,-1.00711008832768,0.302017013567372,0.000460369502517031,0.00331911560685666
"FLAM_A",1436.32281683927,-0.699090317678382,0.373807579586706,0.0433185459414857,0.122553101492684
"FLAM_C",2341.90245125755,-0.00987986815887434,0.416486437173278,0.967710071408944,0.988995998472187
"FRAM",931.602017288517,0.567742247361371,0.284016896027212,0.0372799813816602,0.108898149392906
"FordPrefect",36.9649271926241,0.485107716388875,0.656628436627025,0.345005961872353,0.543977654169107
"FordPrefect_a",19.0499414855454,2.27632555665831,1.2877365709895,0.00754336517523486,0.0324219637820191
"GSATII",50.6522791424134,-1.79164860532623,1.35824796782826,0.0186488560258929,0.0626769822825121
"GSATX",48.9109328526276,4.81189852978064,0.957827389693112,4.63084467788522e-08,1.08946714263931e-06
"HAL1",3224.67035587889,0.181943226155408,0.398999827006656,0.624958766056286,0.774914198133591
"HAL1b",412.567925914785,-0.282400004551918,0.302283261769836,0.326049244989997,0.524462177518325
"HERV15-int",70.2710207888785,-3.73606600601484,0.679933514788889,3.33042582329704e-09,9.60451834202438e-08
"HERV16-int",199.653511002964,0.544127186932031,0.335795766021239,0.085438217934646,0.199430200609853
"HERV17-int",1730.80117033935,4.48444914699032,0.42534536348439,4.63040162800498e-27,2.06978952771822e-24
"HERV1_I-int",11.4272291848212,-2.04938210116997,1.12868091735498,0.00837236432990104,0.0346723447403947
"HERV1_LTRa",3.29648042437614,-0.296673100069842,0.975522018609707,0.465526668886733,0.661333372959746
"HERV1_LTRd",41.7177931319729,-10.1048675951146,3.05454847539124,2.8753364612396e-11,1.2852753981741e-09
"HERV1_LTRe",3.28504561153333,-0.391784714627628,1.12823324345342,0.0723144713628477,0.176636987427284
"HERV3-int",349.176466034395,-2.28987717498627,0.47095301172462,1.83659603160942e-07,3.88297674561228e-06
"HERV30-int",2.40789422888162,0.0896259799702843,0.964647468287641,0.79023903856806,0.881989638551618
"HERV35I-int",100.775345455848,0.805436712692011,0.698790065474571,0.134041143178194,0.280638833726711
"HERV4_I-int",93.1270360735376,-1.84768158645939,0.719990138832363,0.00183202637079157,0.0104989203556901
"HERV9-int",207.845027024186,-0.161857494669306,0.44578313415888,0.684136137510984,0.814503166596779
"HERVE-int",323.456997917705,-3.41879773728096,0.639875370748436,6.73850461124932e-09,1.88256972576778e-07
"HERVE_a-int",244.889597959466,-3.60469741385316,1.12883640788738,8.09086046645741e-05,0.000810745020710552
"HERVFH19-int",20.886440026018,1.86965491722555,1.05421441045503,0.0115963644885304,0.0432711454541839
"HERVFH21-int",16.3066229838347,-0.0715120122229072,0.887178288156935,0.865864682722071,0.929407813844306
"HERVH-int",863.931005218451,-0.348782091532667,0.383182929051748,0.32617558243869,0.524462177518325
"HERVH48-int",44.3847311878642,-1.39330377828051,1.03867590727846,0.0373168100791472,0.108898149392906
"HERVI-int",107.801517839064,-1.874296859739,0.926082291386599,0.00613773935540656,0.0272991989240471
"HERVIP10F-int",348.482217609909,-0.939336234383805,0.595184740889816,0.0564172151404091,0.147046619054011
"HERVIP10FH-int",326.225094924471,0.769449785130154,0.727654950517008,0.159458613103295,0.31749665949743
"HERVK-int",224.948265211703,-0.260516751183555,0.400958722008761,0.477519556244178,0.668079003571666
"HERVK11-int",71.0172196118503,0.490038871806772,0.825589413085526,0.365131400676457,0.565732187529901
"HERVK11D-int",4.1143793552319,0.156977898738964,0.967561315141713,0.658410324160578,0.799753844836354
"HERVK13-int",32.9874260508062,-1.05470240298332,1.16138053451964,0.08740505404492,0.202961346275736
"HERVK14-int",140.930336034468,-1.43398739750607,0.536679330252003,0.00227549158941776,0.0124803035640459
"HERVK14C-int",13.0461956432374,-0.290059866161001,0.88882862744262,0.539026101697549,0.717459928730823
"HERVK22-int",131.842176069447,-0.922313130431181,0.449395686890513,0.0222008458484784,0.0713940870091355
"HERVK3-int",217.94497991569,0.0605444217425585,0.421947116503313,0.876617086117091,0.935215125543775
"HERVK9-int",419.574296482985,-0.785200883775427,0.334353239702434,0.0125701852928141,0.0462458668797358
"HERVKC4-int",6.96586122368231,0.593421457358128,1.01449588740125,0.254888182212936,0.44768179744276
"HERVL-int",565.832672358981,0.471845269625086,0.305389400005604,0.105011363265051,0.23470039689739
"HERVL18-int",89.1835003215991,-0.67507935185211,0.692952714487532,0.200597569112177,0.375371919604695
"HERVL32-int",3.03185466328928,0.168140535028834,0.908878433220818,0.705547685183623,0.827571260127669
"HERVL40-int",78.1299238770386,-0.562845921205733,0.489842895173768,0.188555699818138,0.360189734267981
"HERVL66-int",49.6626342154697,2.29816459023556,1.00459813813308,0.00253365460176027,0.0137327400261865
"HERVL74-int",78.466972631394,-0.4084944806283,0.892136813026286,0.415794323190648,0.616451285128424
"HERVP71A-int",47.2176262954316,-0.241528769181749,0.658696763962054,0.630285197908319,0.779356800733108
"HERVS71-int",19.7750112600792,-2.02121872861005,2.38008562436471,0.0162695784391772,0.0568164184555642
"HSAT4",37.8391626484149,0.231672206449366,0.552434893250313,0.620056863541788,0.770974737143753
"HSAT5",29.1146392271756,-0.412167072964677,0.625112065588737,0.406925693865824,0.610481280806142
"HSATI",5.52350964319446,-0.644973361652599,1.31381616133292,0.0384146098929445,0.111141298525218
"HSMAR1",138.900568841169,-0.0142557091688192,0.419153888064166,0.968681952868628,0.988995998472187
"HSMAR2",356.955395698374,0.557497330230585,0.506436630678296,0.207212249902352,0.385932815443131
"HUERS-P1-int",79.2072048590282,0.298538046530527,0.485874838846424,0.486443649802659,0.674233523912522
"HUERS-P2-int",32.7498299215748,-0.610196426043203,0.684057256594955,0.242230857898943,0.432244285352604
"HUERS-P3-int",69.7191895848441,0.361703230845726,0.793646965944163,0.494969682692277,0.682551182347236
"HUERS-P3b-int",65.7104164279073,-0.467103378441835,0.51774925458358,0.295018018686139,0.491147316024969
"Harlequin-int",1189.24357758403,-0.313815175936881,0.351034436918658,0.338741999078742,0.538852930918852
"Helitron1Na_Mam",9.00793756150153,-0.110689525205627,0.893048927028313,0.797714847263301,0.884229202889721
"Helitron1Nb_Mam",8.43855956493423,0.293349633444373,0.881379427981726,0.550879532595295,0.722512946965458
"Helitron2Na_Mam",18.430064745953,-0.092086461051414,0.789099808406023,0.850752377148822,0.920790103112648
"Helitron3Na_Mam",90.195569923452,-0.940325071092531,0.400259940456277,0.0105120443863661,0.0405076193164281
"Kanga11a",42.0941605539583,-0.899751765000162,0.630291553207384,0.0777656194931214,0.185888940713504
"Kanga1",36.4120497367375,0.241371410069375,0.561027034234453,0.610385510588929,0.76319530974336
"Kanga1a",99.3972969678969,1.15928539991754,0.849430418628505,0.0558384718778037,0.146471253368099
"Kanga1b",50.9061012827156,-0.669165709395643,0.54877650548745,0.149302443884293,0.300622488361616
"Kanga1c",109.628116378222,-0.826882041878073,0.729407000680338,0.128604799631353,0.271803051703144
"Kanga1d",37.295040306124,-0.108413870968462,0.487686864036337,0.79749075696365,0.884229202889721
"Kanga2_a",99.3663531592732,-0.34931606913767,0.498107076557728,0.420122188927732,0.620513011977098
"L1M1",2100.22451365473,1.80289289741948,0.54958982671436,0.000233730359751404,0.00199004706302624
"L1M2",1149.80463280351,0.938601701609268,0.299623717174511,0.00102789848121609,0.006611088073433
"L1M2a1",10.9822614110295,-0.0182311798536656,0.890789204078449,0.961383131400665,0.988995998472187
"L1M2a",51.2207771351679,1.29631341278755,0.720566104305606,0.023093687993739,0.073294066463602
"L1M2b",20.1519940095949,0.25984103502027,0.908728532899624,0.577624514803186,0.741948730221333
"L1M2c",63.0210984965836,-0.0540245626453181,0.512283204020078,0.899878766490972,0.945348551401796
"L1M3",879.202221228346,0.850758589142685,0.304154587519858,0.00327704220141453,0.0168372168279574
"L1M3a",178.945873192868,-2.11105463916575,0.616042615065507,9.82297692103086e-05,0.000944273265311999
"L1M3b",69.6938269109373,0.156756117772972,0.527367011757812,0.731669538019879,0.841843715559552
"L1M3c",64.8990894003259,0.175687891054499,0.442962505644487,0.661352976638772,0.801110688334401
"L1M3d",223.362200028529,4.23676960310099,1.16646705919077,1.57420717371462e-05,0.000210050927358339
"L1M3de",46.12693460818,2.07553198502992,0.760133061968377,0.00104967674546786,0.00665539723722173
"L1M3e",45.0955095435075,-0.133298749216994,0.464385814956952,0.744757283850587,0.8525134593629
"L1M3f",118.003733323254,0.430887764913751,0.51330072008904,0.332421470729973,0.530061706193816
"L1M4",2642.36679156254,0.378827492604329,0.34288284689348,0.243888352985896,0.434335034998786
"L1M4b",1190.73127723359,0.947499926909992,0.358844650279843,0.00466497613144319,0.0217212951120324
"L1M4c",1026.19465930061,1.01693031164457,0.388071499580723,0.00479095983098829,0.0220779282933172
"L1M5",7510.64918976606,0.15592735585551,0.362631918638445,0.648636512352099,0.792109594368356
"L1M6",441.35646210971,1.02362983617896,0.484504668889331,0.0175237449020004,0.0597947631388868
"L1M7",298.769908409953,-1.11817044044334,0.382587116282245,0.00160563828930714,0.00950839813112702
"L1M",33.5931205444097,0.273362801386196,0.793278999840072,0.600977180489338,0.756234623319086
"L1MA10",279.401759396519,0.337540710289262,0.335348965327673,0.287012967230506,0.483740620011487
"L1MA1",661.6044214658,0.525501128111982,0.329634258379853,0.0912978249237526,0.209820708179524
"L1MA2",1249.2979201177,1.24021214575571,0.329094749956726,7.13706433665153e-05,0.00073339488700764
"L1MA3",1685.12531582096,1.31870722618083,0.365371866265586,0.000121181714695659,0.00108336452937919
"L1MA4",1358.08417751746,1.14435687154448,0.303955122082011,8.16186262460287e-05,0.000810745020710552
"L1MA4A",1035.87157163593,0.35443820348757,0.33146475612305,0.259471132131272,0.450916215667307
"L1MA5",813.502775892008,-0.855285988837632,0.427157393598921,0.0269025620581964,0.0823660632877656
"L1MA5A",504.036895695159,0.76816816090084,0.316883762984032,0.0105689229088659,0.040552004637451
"L1MA6",1348.66548311756,1.76885494233434,0.478017349117339,5.28350615770217e-05,0.000585504578120276
"L1MA7",908.053545795946,0.438568148020029,0.296670167284239,0.12100214412684,0.26384369963267
"L1MA8",1251.74820971004,0.331213685529995,0.301806108419847,0.246273497910949,0.437710749766179
"L1MA9",2744.26380778067,1.38448423542649,0.427486755731631,0.000422259316145772,0.00309426089044525
"L1MB1",774.534207280856,0.960052539411906,0.482028792184045,0.0246691122678718,0.0765770359981853
"L1MB2",1144.64903783381,-0.558993604846746,0.308321114363167,0.0560326271273935,0.146471253368099
"L1MB3",2236.03369388942,-0.331708965251102,0.234350950777233,0.144696463411146,0.293996905203556
"L1MB4",1320.64196822437,-0.096546529730656,0.246202522476948,0.68397278391979,0.814503166596779
"L1MB5",1795.53182142157,0.756702176329266,0.412074602810698,0.0447640762517559,0.125451674511191
"L1MB7",3765.13623099475,0.171403143859042,0.299997960669282,0.544137265959045,0.720679578914646
"L1MB8",2392.56637362175,0.162616807149399,0.315683517482422,0.575979639307223,0.741948730221333
"L1MC1",2011.96551939524,0.298819248492171,0.315201583526241,0.319783728798478,0.518850550899889
"L1MC2",1134.16432765094,0.886987785356045,0.283779611369792,0.00110220150680394,0.00693921230339947
"L1MC3",2438.6588677396,1.39286361225285,0.522108967070354,0.00260717636071724,0.0140410582318145
"L1MC4",3872.55216088841,-0.958767192760239,0.310681770512043,0.00122918782411059,0.00768457283045363
"L1MC4a",2638.99818657428,-1.28846551000362,0.285718970634072,2.61338118642685e-06,4.32659774197334e-05
"L1MC5",2409.42913953309,-0.697230001923101,0.245778041865382,0.00338974660374016,0.0171210930155011
"L1MC",894.593089318175,-1.0318204802287,0.316706163315771,0.000594035212149656,0.0040539502264259
"L1MCa",1079.24718312361,0.639575687352242,0.427633998634803,0.0992497732212523,0.224309008331713
"L1MCb",353.691830005163,0.75896429080592,0.395820712853656,0.0371259936026172,0.108898149392906
"L1MCc",383.933487149544,0.0398631303369799,0.402375891118631,0.917432200563338,0.959344534731102
"L1MD1",2581.4968246394,2.48300491828825,0.398145270226751,6.8760715733202e-11,2.79418544843102e-09
"L1MD2",1275.70645971142,-0.348605194862665,0.282976558406797,0.198604071599353,0.374582362889919
"L1MD3",771.882792737695,0.401039473545577,0.419769960076681,0.296754845396142,0.493120505175002
"L1MD",815.427791724019,0.0782383900523355,0.264360423025222,0.76137700504222,0.862193957348426
"L1MDa",1338.7724345093,0.981672250421506,0.312341257933499,0.000941699381313922,0.00610057425285975
"L1MDb",64.374313588242,-0.158461826850677,0.533934151021335,0.725305193563862,0.836752693242256
"L1ME1",5361.88278350953,0.491064927968283,0.335006411403993,0.125426518231352,0.269274137063175
"L1ME2",1433.67649112595,0.127255289865744,0.258799373515688,0.6122912265115,0.764508877795085
"L1ME2z",726.956345739896,0.203273727732807,0.33248005225616,0.520092683393361,0.704489180232825
"L1ME3",1778.57336214122,1.11895310917077,0.471018912717396,0.00803553949480086,0.0338857184356225
"L1ME3A",3277.94008630784,0.85532041161831,0.570154758711056,0.076835026511504,0.18465191855184
"L1ME3B",860.697460801406,-0.407370323268774,0.319549396524634,0.177590263909722,0.345894762386256
"L1ME3C",783.549777368138,-1.42429096279057,0.390736082049194,8.9001269002689e-05,0.000864860157482652
"L1ME3D",384.356684261247,0.0938595398823704,0.292723975614627,0.739960872747155,0.849197715322152
"L1ME3E",634.570257113891,-0.903933873664338,0.422556409204217,0.0185752692526093,0.0626652479691801
"L1ME3F",480.914639821994,-0.0445044818530549,0.316800782876527,0.880407498252247,0.935890967226526
"L1ME4a",8337.22405331363,1.10295364306659,0.73287068295613,0.0521116131558835,0.140142317465608
"L1ME5",448.65151091643,-0.0332337191985991,0.436462164742728,0.928960264109636,0.967937617848502
"L1MEa",51.4848611297086,1.23741045832162,1.12809281643781,0.0606845362343588,0.154698776589139
"L1MEb",144.162752838476,1.38764952156932,0.419941294830505,0.000335513376464148,0.00270224286990043
"L1MEc",1923.87585464276,0.37156778721897,0.288626455206799,0.177533031544638,0.345894762386256
"L1MEd",4737.19925014615,3.33336347804345,0.389182583226165,1.17863181988733e-18,2.10739369395854e-16
"L1MEf",1618.51884622318,0.00139820425806529,0.337976957760162,0.997735459249913,0.997735459249913
"L1MEg1",58.7822739184818,-0.2717293580025,0.668742709361349,0.590154043557726,0.751365621652055
"L1MEg2",81.0609788241751,-0.427478920186566,0.500445293180045,0.325882351939886,0.524462177518325
"L1MEg",1476.82831622486,-0.338851929411185,0.280738295444549,0.207842966636871,0.386302728011149
"L1P1",723.203337402185,1.5554858922562,0.416892132135008,5.70297401758916e-05,0.000621763264844477
"L1P2",537.253846330347,1.20390051831412,0.576387680658267,0.0143729587877983,0.0511929289095286
"L1P3",818.178595038712,2.26755554823993,0.33504293900147,2.18858888509918e-12,1.50507574098359e-10
"L1P3b",4.06454292655497,-0.240725040728906,0.909428485967539,0.594181278506801,0.752405188364136
"L1P4",268.811629901222,0.641249986563546,0.468019348017634,0.12363043050638,0.268918746648915
"L1P4a",44.3863470178483,0.243705236403867,0.568718825427043,0.608862547480473,0.762357307349499
"L1P4b",6.7464515329054,0.445529463283448,1.0458140517592,0.280474845584873,0.476731193578943
"L1P4c",4.78911952060712,0.251770941413186,0.883752691703538,0.601095746470788,0.756234623319086
"L1P4d",37.629124698827,4.98775946143353,0.944790860843342,2.20535453192085e-08,5.47663042093677e-07
"L1P4e",11.2398575107721,-0.301527312544089,0.889003642559452,0.53102120610017,0.714680024791221
"L1P5",10.376606244141,-0.202267211736009,0.8303874115841,0.68217503196692,0.814503166596779
"L1P",7.89435854764861,5.54734715766779,3.21743787188171,0.00127016744170626,0.0078856228672597
"L1PA10",1501.35471399513,0.692556415384917,0.368500815870017,0.0439572578208009,0.123967787040366
"L1PA11",9158.79521433075,4.2810261653371,0.52290289547014,1.95690839068551e-17,2.49925157324692e-15
"L1PA12",241.46074026761,0.103339838779916,0.356445124693032,0.758735095347518,0.860798445736905
"L1PA13",1889.70110885657,1.92091698750186,0.391642639008389,2.0083573309939e-07,4.08061694070124e-06
"L1PA14",367.038826795878,-0.00934502685740518,0.366219261716258,0.978445659444469,0.994011840390177
"L1PA15-16",157.054397485811,0.43034445490694,0.567724265449535,0.366278724289609,0.56652799224033
"L1PA15",1052.87661997486,1.18090620819438,0.292509030511367,2.46678315197031e-05,0.000306292241369647
"L1PA16",2191.35368706575,1.57798626014782,0.406273303513364,3.01498851567625e-05,0.00035465785960718
"L1PA17",560.136606099393,0.855980170688373,0.346194863590532,0.00848061850971292,0.0347783162737768
"L1PA2",355.90526813093,-3.74094682515993,0.436481891513292,9.20365113328144e-19,2.0570160282884e-16
"L1PA3",12855.8747705699,3.14090777211187,0.494612014748541,2.36217994780982e-11,1.11146782807473e-09
"L1PA4",3237.29891274764,0.894613155656108,0.259290573918165,0.000351948884955461,0.00277985428389745
"L1PA5",2854.56389687332,0.251984385685126,0.267287274961184,0.330375143236471,0.529310713357357
"L1PA6",1804.37186094837,0.57897201704336,0.331463458858484,0.0631802681728562,0.160008951123324
"L1PA7",5515.18972450599,1.40971329113539,0.506110707544465,0.00182554622890167,0.0104989203556901
"L1PA8",1026.02501166394,1.41892211461426,0.309964801282185,1.69296676215915e-06,2.96767114778487e-05
"L1PA8A",531.552453113,2.53616771810931,0.419071603831125,2.1111050949233e-10,7.5493118194457e-09
"L1PB1",2210.14397633673,1.17800511961361,0.278890093915514,1.12266685008383e-05,0.000159311772059515
"L1PB2",432.511996392349,1.23303237475218,0.294518685229312,1.23458522044593e-05,0.000169802951858255
"L1PB3",441.196339725434,0.759183806729693,0.287395996473312,0.00578175032717596,0.0258444239624766
"L1PB4",627.248362283516,0.0669950449797252,0.294438764226637,0.814563068918065,0.897927723320284
"L1PB",183.979851356355,0.615516596390694,0.386658188350981,0.0852863614885039,0.199430200609853
"L1PBa1",46.3771786007144,-0.0230436925861078,0.630435448981788,0.959224822787852,0.988995998472187
"L1PBa",370.407065992284,2.04081480021768,0.439202214611681,6.69532817558524e-07,1.2735368912709e-05
"L1PBb",29.0858513744011,-0.00138340041152738,0.769006659501987,0.992963681223785,0.99631027148402
"L1PREC2",1098.59994865983,0.0741052397214861,0.25182760374996,0.761893989155768,0.862193957348426
"L2",6191.95698093454,0.0605663070029133,0.2940330822665,0.827712077229359,0.906332546153068
"L2a",19672.4513793433,0.31784145749093,0.355616439010203,0.362221166143488,0.563175169621353
"L2b",12020.5602613291,0.335649924412217,0.323715834850434,0.263674101131211,0.455066884963906
"L2c",16164.5697973339,0.105772791256026,0.34041996302686,0.758522623345302,0.860798445736905
"L3",4330.39040256463,-0.1789164866756,0.236890423501591,0.435243917689382,0.632696036446029
"L3b",769.83446975713,0.921120757785401,0.380829183077693,0.00912400387618994,0.0365291528529685
"L5",27.8535657237347,0.185073455644868,0.800913125359771,0.719839614440366,0.834926569517494
"LOR1-int",200.775518376871,-0.101805353978736,0.435943412932248,0.794953412671474,0.883940734985445
"LOR1a",3665.01902520579,5.7628642060317,0.533012310310522,1.72686719747674e-28,1.5438192745442e-25
"LOR1b",74.7559561490857,-1.53609508226773,0.819001580604944,0.0134890409423684,0.048625816945473
"LSAU",66.2322978432365,-5.43683534018658,1.01889369149869,1.10553709883524e-08,2.9950005041173e-07
"LTR10A",31.3760429363937,-0.410414163794665,0.959499668057596,0.380231446400324,0.584066860965446
"LTR10B1",62.815231168771,-2.17314996372396,0.800116557911857,0.000851039652846449,0.00555349963244325
"LTR10B",3.68293193583724,0.0615794329912289,0.933334017553623,0.876633417456022,0.935215125543775
"LTR10C",60.0645151578342,-0.913148318009541,0.527914425156137,0.0447523047273106,0.125451674511191
"LTR10D",18.9986084432226,0.581589634586276,0.856863572663306,0.292911359495101,0.489619607641098
"LTR10E",71.6379230865854,-1.32088287578889,0.603329868077665,0.00924367782324107,0.0365656989999005
"LTR10F",508.99507106681,4.66096095477337,0.733511345732756,1.21271353289396e-11,6.3774464612188e-10
"LTR10G",13.7827661748508,-1.07452196368052,0.899321219941176,0.0774061662005713,0.185525771000833
"LTR12",143.535687429961,-0.136220295237299,0.419357531730095,0.719204135392209,0.834926569517494
"LTR12B",130.418568129127,3.05873071839637,0.955470626120429,0.000108193111536532,0.00100667873716866
"LTR12C",1085.90249200988,0.905331245830536,0.319985938256612,0.00280180908983878,0.0146480545398589
"LTR12D",39.9268882663895,0.32540639211836,0.8266033638047,0.532280830859225,0.714680024791221
"LTR12E",8.71085321428255,0.396827961021459,0.977123685615131,0.385306875569901,0.588827943178618
"LTR12F",153.679461694181,0.96983493655143,0.738025786663881,0.082442708908204,0.194469081171331
"LTR12_",47.3835658364882,0.0781046228938694,0.641526614237212,0.879658730716586,0.935890967226526
"LTR13",393.004435096382,-1.21278897203963,0.472525585703811,0.00404161155913572,0.0195308147776613
"LTR13A",84.043425885338,-2.39761103165473,0.511908152798551,3.5659197352442e-07,7.08429387401847e-06
"LTR13_",19.4237438652616,-1.94289004316986,1.04655497362933,0.00826433549225048,0.0345248407947286
"LTR14",16.6618809085305,-0.0642984707683691,0.844656512935367,0.88728791576067,0.94096725586007
"LTR14A",10.0772512127463,-0.356407813755579,0.927320647705427,0.451313762185,0.649717396768744
"LTR14B",50.0913715101495,0.237097655824513,0.458094198411335,0.565349003273262,0.733558793797237
"LTR14C",1.69142293346143,0.164039925481332,0.993253882152228,0.587432201097479,NA
"LTR15",21.9620389828668,-1.11384521559377,1.27718511179062,0.0753819503278886,0.181830113149999
"LTR16A1",1291.15185225662,3.40539468822468,0.815084164309932,2.3150228610205e-06,3.90496309009873e-05
"LTR16A2",138.544092691598,1.64009258061605,0.472462606564808,0.000138520095504683,0.00122610856813056
"LTR16A",443.660791141517,0.153520038013175,0.466674437078305,0.714940515832335,0.834408382707712
"LTR16B1",48.7014371784137,0.0235644636295037,0.596334353993777,0.964836481712187,0.988995998472187
"LTR16B2",310.598054754493,2.28444303877108,0.825873754816756,0.000707119870954084,0.00475312153859362
"LTR16B",72.4228415121742,1.293065568731,0.527155409339402,0.00512334961448056,0.0232501246464244
"LTR16C",581.31471746429,0.849628528927847,0.316648240823018,0.00466437796027696,0.0217212951120324
"LTR16D1",21.2940864944374,-0.607879612502937,0.962316254951235,0.252209381956482,0.445603137290702
"LTR16D2",7.87826296630289,0.298648109664451,0.856270629735311,0.553378627670892,0.722512946965458
"LTR16D",73.4747431991993,1.43146897262944,0.861145257869394,0.0235587111044827,0.074160168054252
"LTR16E1",284.563067851101,2.2275402330382,0.433787384591854,4.93786720546493e-08,1.13191109786811e-06
"LTR16E2",120.001895997131,0.364721368656753,0.40991489479617,0.331377423487264,0.529966755988575
"LTR17",169.323984276636,0.643202456037796,0.549659432340559,0.167873446258271,0.329843650450317
"LTR18A",15.8797613493626,0.202054540014814,0.71845894166037,0.697487697838363,0.823717307618886
"LTR18B",40.4491821912535,0.369618912451655,0.628844755356452,0.461483242881334,0.658000030519797
"LTR19-int",166.642293516801,2.91910833060107,1.14608582057057,0.00079238067673366,0.00520873768382274
"LTR19A",47.6322211658319,-0.00708674733995108,0.769143668400319,0.983369819679138,0.994013081887668
"LTR19B",17.1687742140853,0.112501155274239,0.781854823732514,0.828270346987759,0.906332546153068
"LTR19C",32.3990026052985,-2.61482964545685,1.21663686037519,0.00253456611221563,0.0137327400261865
"LTR1",197.289098561865,-0.290382391325251,0.370967676849603,0.398899061825652,0.606489389918594
"LTR1B",67.9401836429932,-1.36143302497744,0.776184489434757,0.0218531938259611,0.0705298024563509
"LTR1C",1.94057255619716,-0.348891524584322,1.08183310582571,0.212822468998473,NA
"LTR1D",42.1779997457043,-0.13955689855568,0.619389294742332,0.773995219208078,0.86928608790455
"LTR21A",13.8448734348604,-0.898091947897878,1.3320662238922,0.0918318741750368,0.209968530722463
"LTR21B",2.46296568294106,-0.315876594465297,1.08805296495437,0.125473595709225,0.269274137063175
"LTR22",3.83242717895727,-0.607437141693929,1.05733675519237,0.226552581312355,0.411662617262694
"LTR22A",12.9973943420616,-0.27719854209356,0.848041774261019,0.576679467660717,0.741948730221333
"LTR22B",14.8872194274554,-2.25343849726102,1.41841425263524,0.00938669861202703,0.0369352405981795
"LTR22C",36.5229368007896,-5.36929567332583,0.878158695814466,1.99535447564473e-10,7.43269542177661e-09
"LTR23-int",32.9290760067005,-1.67313462851197,1.14211970824009,0.0209380417533847,0.0680676702819125
"LTR23",57.1613502145431,0.19507044291577,0.436688108058859,0.623802947548377,0.774555326539235
"LTR24",42.9208804123891,-0.0897769653208458,0.734689309659834,0.856116867494078,0.923243039251755
"LTR24B",48.6173457496664,-1.00729332584859,0.803373269870039,0.0827457443609343,0.19467025120704
"LTR24C",37.1295166917416,0.41663697271762,0.586551285413204,0.389829058691394,0.594722147559908
"LTR25-int",32.5070181855578,-0.579668291700967,0.918893454872551,0.278258475416049,0.474738696606771
"LTR25",86.296413732285,-5.09549439562178,0.818140844470753,1.97016864799813e-11,9.78517095172402e-10
"LTR26",78.5341839173407,0.506307787052336,0.639396604444264,0.318048198719627,0.517914553106278
"LTR26B",101.814404613203,2.40294354340623,0.680103424144749,5.30490725142532e-05,0.000585504578120276
"LTR26E",41.1925575032531,-0.799369611026353,0.53560182651949,0.0805045709333716,0.190904738499825
"LTR27",142.010223514728,3.54084576265919,1.23176330382383,0.000242858027294706,0.00204825543774969
"LTR27B",36.4491666757777,-0.265995530056358,0.527544350497116,0.554290893959179,0.722512946965458
"LTR28",28.1715591884192,0.0162711491471146,0.869378477758042,0.978396693917567,0.994011840390177
"LTR29",49.9290447251312,-0.523121933371568,0.885560376691221,0.323961113453171,0.523727369669322
"LTR2",246.021075093572,0.335165772576183,0.525781825045547,0.459571370328067,0.656320774877462
"LTR2B",133.353122075972,-1.94069311131933,0.510783582808488,2.7814764509041e-05,0.000336032425284901
"LTR2C",53.5248340947192,-2.45806557348389,0.708200489802709,6.99812520804652e-05,0.000728890540764193
"LTR30",21.4429954508856,-0.17421216827937,0.741400757453981,0.729631139537288,0.84058020457002
"LTR31",31.6162652662084,-0.222791987665055,0.621482554974433,0.649458985091728,0.792109594368356
"LTR32",64.5367115857966,0.357204964932721,0.792863098498426,0.499898694997936,0.6833477573825
"LTR33",561.190948266494,0.01969189912719,0.301104000765516,0.947883339257858,0.985357796856425
"LTR33A",587.672780308244,2.16444556761825,0.775886286833044,0.000743587116930382,0.00496094688459524
"LTR33A_",64.4226341685999,0.284557072436455,0.783337662316615,0.587956291372326,0.75090417783837
"LTR33B",193.750420638729,0.848272410464118,0.555659130171115,0.0720504381640682,0.176636987427284
"LTR33C",364.855903827603,2.44094290802641,1.02087968884989,NA,NA
"LTR34",23.6221590884842,-0.423795311174894,0.763364550805854,0.422845146422271,0.621749277798537
"LTR35",11.4227134585267,-0.491600632461683,0.968000035766126,0.319310283385521,0.518850550899889
"LTR35A",3.7063822367434,0.176367862933665,0.942375898844741,0.663111755444582,0.801110688334401
"LTR35B",8.31726551106236,-0.233160865890794,0.918499838091771,0.596176302746478,0.753863669950992
"LTR36",22.5084176625048,0.439545831895717,0.823165239301733,0.411103734485628,0.613742629753386
"LTR37A",126.907308317043,0.792063301222382,0.407932803268043,0.0341106224689221,0.101980074685368
"LTR37B",92.9396744973837,-0.616370180393834,0.493940558673949,0.153601310935074,0.307891416986449
"LTR38",26.1083358337273,0.192487361153688,0.762093952371379,0.712044348142791,0.832114571555104
"LTR38B",4.21493228984328,0.0626398902486718,0.870169425367379,0.893808299207933,0.943522449137847
"LTR38C",7.60809767497664,-0.828267331695834,1.20338022639583,0.125635218265909,0.269274137063175
"LTR39-int",1.91322006419376,0.290032072923346,0.9964504216534,0.445097724610685,NA
"LTR39",184.767550923368,1.67968735395049,0.975198143671383,0.0147246825555243,0.0522375643041221
"LTR3",10.6590985369464,0.0733344636688834,0.825210079394893,0.884858903590338,0.939505771745561
"LTR3A",90.7481976304431,-1.99915606508537,0.653344239936302,0.000347345299937463,0.00277255980485796
"LTR3B",6.14616243303696,0.788438274223759,1.09376307216018,0.165776408572454,0.327161389103254
"LTR3B_",65.0953617139424,2.83886882102751,1.42036380141059,0.00279449984939055,0.0146480545398589
"LTR40A1",34.5429794377706,-0.100327389138461,0.711167043356724,0.839564491991764,0.915330068098337
"LTR40a",153.575671248913,0.0496115893512431,0.471288636038889,0.907817808619834,0.951452662258067
"LTR40b",127.676008337957,-0.132137475388144,0.477402401379295,0.750658478037758,0.857073664579509
"LTR40c",45.2446748724138,-0.681200966499077,0.515844419301623,0.126973734961281,0.269274137063175
"LTR41",193.779059345496,-2.29891766838848,0.556224393226919,4.99527309940054e-06,7.69961060493808e-05
"LTR41B",101.629153724424,-1.38789360787653,0.788989814340436,0.0205756476139971,0.0673795932853971
"LTR42",68.4367582726785,-0.200203563524783,0.644446627354725,0.685130180403554,0.814503166596779
"LTR43-int",10.7209434324089,-1.49998905291792,2.36193619201144,0.025193387558555,0.0773982421901998
"LTR43",71.8518635239199,-2.14498749546786,0.590167954784866,4.33072246435095e-05,0.00049636742091407
"LTR43B",13.9342174125919,-0.431751304215392,0.842463339932385,0.411035506718916,0.613742629753386
"LTR44",16.059578267765,0.308740322571659,0.851105011092001,0.545597159551393,0.721544172542818
"LTR45",6.25816193872901,0.637624120592383,1.15382421754871,0.167530738688584,0.329843650450317
"LTR45B",29.1154644421178,-0.226895033113322,0.786699897737927,0.654416558295221,0.795984221926432
"LTR45C",132.569035737475,0.210079204171042,0.778478059653551,0.688099161154606,0.816938436982807
"LTR46-int",13.7580259392061,0.133593249867094,0.897912153043826,0.76771634479018,0.866041774428562
"LTR46",33.9931007973979,-1.24430325243222,0.685605803478064,0.0232015892720351,0.073294066463602
"LTR47A",105.271350847667,1.10518091398958,1.0573228488087,0.0810466549682059,0.191681771274011
"LTR47B",35.8909813371841,-9.79148253675348,3.0716709337068,7.41734593218017e-10,2.30451618406294e-08
"LTR48",57.7514779610662,0.115144393727821,0.42626528534661,0.768404602523346,0.866041774428562
"LTR48B",151.374282220378,-0.302450491759077,0.701913735316827,0.552983101739287,0.722512946965458
"LTR49-int",335.955612822873,0.278333074661569,0.499708784798243,0.528096324576241,0.712243543447077
"LTR49",52.4444874053124,-0.27855203741816,0.8094756644078,0.581594795652658,0.74597668194186
"LTR4",17.1938263458917,-1.06481159815791,1.43036309215587,0.0683034227118923,0.169620166401199
"LTR50",186.219845071435,0.134986664068539,0.378809470075939,0.703267630214061,0.827571260127669
"LTR51",35.8629858871382,-0.327592625517492,0.626712528786424,0.507563736526572,0.688976944238278
"LTR52-int",20.24070889459,-0.375437615048854,0.770923977892088,0.471528460638713,0.664899753645125
"LTR52",39.8717068626731,-0.0472298657313565,0.569689694745066,0.917493934222698,0.959344534731102
"LTR53",67.3940823028757,-1.6504817818753,0.835343179680245,0.00955104460168994,0.0372866108031039
"LTR54",112.102787351265,-0.399461601336053,0.578206483373086,0.401427634480354,0.60826492411091
"LTR54B",28.9599731286919,-0.151294824062474,0.621312755082463,0.757023390942703,0.860798445736905
"LTR55",16.136104011066,0.261170112911155,0.919688357694593,0.568355620647412,0.73532550630794
"LTR56",505.258007143424,3.52093829996569,0.938621356269312,NA,NA
"LTR57-int",39.5763060192651,-0.10693333006502,0.601049406494389,0.822863157036288,0.903734228980886
"LTR57",16.0370787913123,-1.31876673805042,1.12059104820528,0.0502474762250224,0.136538734787751
"LTR58",2.50427854489031,0.417898674973168,1.0411602060658,0.307404225244054,0.505182678985633
"LTR59",7.30965906968982,0.00918888384183822,0.895458361310094,0.987631513159508,0.994304699059234
"LTR5",76.4936272140849,4.84613128804216,0.724770533987592,2.70370237522551e-12,1.6114066156344e-10
"LTR5A",121.93915358682,-2.99416389055105,0.498791661394115,1.87177424666681e-10,7.27550511530489e-09
"LTR5B",435.330491689362,-0.215616973639397,0.370161315061581,0.534232413798929,0.714730859396909
"LTR60",5.03043181593647,-0.239045445636994,0.9980496469085,0.466780042883221,0.661333372959746
"LTR61",44.6054373159879,-0.767591220209975,0.765995876326196,0.164593039716585,0.326085820044175
"LTR62",83.1404282604866,0.436509310715386,0.746929421351873,0.412346045448226,0.61416804933689
"LTR64",23.2314588949275,-0.0835873988091116,0.832223735804532,0.857882390870001,0.923646344963914
"LTR65",106.708576100882,0.877044440527494,0.360839909598732,0.00919357873816321,0.0365291528529685
"LTR66",50.9488750779662,0.30762262881143,0.718072161186008,0.55643560546766,0.724095242049618
"LTR67B",282.272729564073,-0.203257836698846,0.632436465868415,0.677692128406319,0.814503166596779
"LTR68",21.834396560423,-0.594628918509633,0.632400020711788,0.238523235464501,0.427334213437403
"LTR69",1.98375527747052,-0.00291480018602638,0.942452946312557,0.991471252853287,NA
"LTR6A",87.4880599969596,-2.58764566356045,0.785500010079516,0.000109225769021655,0.00100667873716866
"LTR6B",19.89867457277,-0.197644217233973,0.601154116883513,0.681459304576072,0.814503166596779
"LTR70",62.0683744926151,-1.33337034639468,0.70516756214779,0.0178290825503539,0.0606053224335224
"LTR71A",10.7210216223213,-1.52050861732191,1.20360848229131,0.0309450507266359,0.0934624167216637
"LTR71B",15.5401598191579,-0.703495499966754,0.918640660369089,0.212584912704936,0.391857550429305
"LTR72",90.7502961362179,1.77968916186033,1.28190719278774,0.0193709614567565,0.0643778421648338
"LTR72B",7.62113914775854,0.221227137161148,0.810992308804464,0.662673325489765,0.801110688334401
"LTR73",30.3136283901722,0.763313252601862,0.921577861345879,0.185964260212684,0.356716318595594
"LTR75",31.8497234995706,-1.06333844793957,0.692318513893736,0.0493709189663942,0.135808004787558
"LTR75B",4.86183688287626,0.153562513276736,0.920324145896833,0.718762199309748,0.834926569517494
"LTR75_1",16.297488868051,-0.277264621495099,0.794427717661538,0.587799455554282,0.75090417783837
"LTR76",48.3242101498193,-2.26829819551913,0.683553297680972,0.000112711236262543,0.00102820250223177
"LTR77",20.9464737723617,2.23466176155281,1.24412739579011,0.00684859637348435,0.0301608135856897
"LTR78",833.460265942372,1.85758171113348,0.537197756902159,0.000117505099783244,0.00106110665864869
"LTR78B",203.572692163065,1.5589808337159,0.587039496292573,0.00210547243745342,0.0118383167237947
"LTR79",292.43705268944,0.320190638417016,0.368723101695196,0.352424449507939,0.552749926070347
"LTR7",182.598483821431,-0.22071774036489,0.379358166593283,0.528207460073168,0.712243543447077
"LTR7B",83.8036714588258,-0.594105786631928,0.407200453269941,0.110139300739476,0.244936653883311
"LTR7C",42.4506046570701,-1.18469789638181,0.713384257079776,0.0342215015722712,0.101980074685368
"LTR80A",14.1323840260257,0.315589530724298,0.638409642714189,0.532412635918292,0.714680024791221
"LTR80B",14.5967313839966,0.726557210185336,1.07321714785404,0.183400691960461,0.353782851712738
"LTR81",21.0611500281962,2.520688908087,1.04474252893469,0.00177259258405826,0.0103842133932935
"LTR81A",79.6490581041219,0.563975306063156,0.607137851753218,0.253528325121326,0.446663520146538
"LTR81AB",21.2411719104114,3.8732260244435,1.20798335853736,0.000160419551997932,0.0014060301910407
"LTR81B",73.446934906404,-0.641968953050073,0.722419677172264,0.228801622664419,0.413229597296951
"LTR81C",24.4829359675822,0.510896472139869,0.886541990363496,0.341121004248623,0.540713081202604
"LTR82A",46.242792163281,-0.312550351961579,0.471683024043255,0.452951293476781,0.649981470896055
"LTR82B",72.7864677554321,-0.87766016510176,1.01085709824601,0.134516153826623,0.280975330656544
"LTR83",45.4979255261183,0.871700945680175,0.975802816818295,0.141334744877116,0.29064744026773
"LTR84a",106.47505263206,1.63421132688736,1.18013994920052,0.0243541391227348,0.0761279733416955
"LTR84b",77.4738137769898,0.914163121837802,0.550394812596203,0.0512402297113403,0.13839506151643
"LTR85a",280.989818372514,-0.299569015827578,0.518886844916795,0.498193477062498,0.683105779898578
"LTR85b",49.1753911383976,0.727934440238107,0.632782075322831,0.154079822149472,0.308159644298944
"LTR85c",101.313773590795,1.72053963218482,1.05179467082575,0.0157502486517758,0.0552185188026963
"LTR86A1",61.1681423115544,-0.395021774893604,0.682073383596779,0.441591310802914,0.63786303988719
"LTR86A2",10.3553832612164,-0.428077357197605,0.899680443454618,0.39770153785328,0.605698764635149
"LTR86B1",29.0581858282762,1.72022824007978,1.17732070137934,0.0208212844202471,0.0679351396777404
"LTR86B2",16.6344666455311,-0.648122122398934,1.07479770234721,0.199772665713247,0.375371919604695
"LTR86C",18.8584060949385,-1.32376612400443,0.769550056639534,0.024835383640844,0.0768264116779049
"LTR87",56.4512856047189,-1.57592643779669,0.599294277620556,0.00221660298059298,0.0123083420164604
"LTR88a",55.5450278027913,-0.157740547797711,0.566023387525665,0.734864105829664,0.844432532919948
"LTR88b",120.342947037635,-0.199143123473373,0.591050808514706,0.675749459932849,0.814177920727718
"LTR88c",42.5864697145042,1.46637627706418,0.582034107341443,0.00337306351149388,0.0171210930155011
"LTR89",123.30625994165,0.67233352720985,0.362638482671327,0.047190323984471,0.130835100144374
"LTR8",468.69473841496,-0.197657955865622,0.437444915427519,0.613205415367623,0.764582484433271
"LTR8A",224.995373142025,-0.481347480555837,0.349811874389537,0.140647695912764,0.290390392946908
"LTR90A",22.3567272524679,-0.682213701048599,0.964914581331071,0.215065476702939,0.394801922325314
"LTR90B",10.0051520374636,-0.237621643806144,0.915743909842744,0.592026917227264,0.751365621652055
"LTR9",172.112106421001,0.799583366123696,0.473004569202517,0.0573933799344907,0.148293877634204
"LTR9B",60.8024420955542,0.801769142413613,0.592601938930897,0.102428478843499,0.230657582080827
"Looper",140.003059486988,-1.68166151857304,0.533783204451892,0.000385446256372732,0.00287157460997685
"MADE1",293.909065290658,-0.434809344703735,0.423200573126464,0.256897483462329,0.448567090264302
"MADE2",130.024608323986,0.27928651671482,0.376620997707202,0.426607745707995,0.624201840692222
"MARNA",552.540309590773,-1.5628663564435,0.437436980842242,9.94570096172945e-05,0.000945899644658099
"MER101-int",213.273697772222,0.532430515887842,0.648464067649165,0.299442840727797,0.496535365317292
"MER101",44.9128535938345,-0.940400408511625,0.679814984847485,0.0782679566430515,0.186590808637035
"MER101B",17.8142523402858,0.861824520960539,0.772910951821477,0.129492975230882,0.273034716642472
"MER102a",174.301478220398,-0.240620677706757,0.688779505575489,0.63505932977471,0.782015207739106
"MER102b",287.508796419538,-1.16054648386395,0.445889972847941,0.00402652302365655,0.0195308147776613
"MER102c",297.779442174625,-0.668071344032856,0.375608908167028,0.0544521161635099,0.14402423624313
"MER103C",884.222800351118,0.0548159149327126,0.283638285121903,0.842937918557281,0.916771896825071
"MER104",182.963868042347,-2.23068749217592,0.584641334028156,2.02702684682988e-05,0.000262632174067524
"MER105",79.1406366098049,-0.289652169736086,0.597735495567288,0.547268097422902,0.722512946965458
"MER106A",38.9353225122294,-1.24208371151309,0.856686182434275,0.0418193116690418,0.119828412282447
"MER106B",51.1006356654272,-0.228993325497731,0.47744570456266,0.586100238086851,0.750678528437886
"MER107",22.6601565476754,-0.866383886367584,1.27761619490415,0.103650994089843,0.232240573223859
"MER110-int",33.7115844775854,0.761126631124182,0.886489007727803,0.186338390138862,0.356716318595594
"MER110",23.9780550306592,0.00676808541039566,0.783782360802347,0.994139636244568,0.99631027148402
"MER110A",43.9018031203436,0.729174986563323,0.612129384141949,0.144445946536089,0.293996905203556
"MER112",732.208689269476,0.864490887177472,0.591988718570951,0.0793722904632698,0.188720286367455
"MER113",476.68526601841,-0.538745337355873,0.341424643380818,0.0917841996178248,0.209968530722463
"MER113A",185.915547998162,0.509776768860116,0.356456282680389,0.126608467679654,0.269274137063175
"MER115",203.758981734135,0.858302978966292,0.343192812501929,0.007741900772785,0.033038818530673
"MER117",251.510510930162,-0.112883782439058,0.429662749386397,0.769169092725143,0.866041774428562
"MER119",138.942610049095,0.125918774884642,0.606781527958976,0.800158193666425,0.884229202889721
"MER11A",145.146567155881,0.603729618618191,0.541262572582428,0.190558297652987,0.361833892101195
"MER11B",163.368149485458,-1.45989020169974,0.52361062224858,0.00158919217386222,0.00950839813112702
"MER11C",506.3023900505,-0.413284675528895,0.359050981831342,0.216395966150158,0.39643031503738
"MER11D",30.4604508264066,-1.74432272739566,0.887118986574353,0.00888867954329945,0.0359569208674647
"MER121",29.3789919392107,2.24640974437236,1.03357957162941,0.00367816190960341,0.0182682041510302
"MER123",6.42009293190874,0.866811715173909,1.57040911273809,0.0340316452264288,0.101980074685368
"MER124",47.47826562933,-0.0630215813781844,0.483686207752062,0.87989931362404,0.935890967226526
"MER125",2.46992093903853,-0.0680446618375606,0.987328797976125,0.793021335172002,0.882890502669701
"MER126",20.8278297829709,-3.49503248193516,1.30273500391839,0.000515634462774412,0.00368781767776259
"MER127",11.2512846914091,1.28969733403611,1.49521486067506,0.0568371906752433,0.147710605999034
"MER129",1.2519769380441,-0.00344126125818949,0.974430979765409,0.989549232019774,NA
"MER130",5.85237673614963,0.604183920972376,1.21789134476937,0.113727259914334,0.251663788028254
"MER131",42.4209822491115,1.37668708716015,0.61337147652689,0.00776079629915137,0.033038818530673
"MER133B",2.14895124155593,-0.38460422234104,1.04978138448397,0.295350616985333,NA
"MER134",4.60472670055207,1.11375064809148,2.08390565925237,0.0166238045101334,0.0576034156281365
"MER135",13.9295523183312,0.105005887493042,0.831848917011146,0.834461548915944,0.91199098377855
"MER1A",2043.76766252105,2.57001702864831,0.523287964878264,1.23634056450023e-07,2.69582552356879e-06
"MER1B",1309.10627097054,0.781857788086064,0.327314851543859,0.0116164148870292,0.0432711454541839
"MER20",1864.90914367305,-0.798792939012807,0.309971030154404,0.00656697859509247,0.029063756752538
"MER20B",396.979351945906,0.411703726543602,0.519988661160972,0.360734366580902,0.563175169621353
"MER21-int",41.8515412433007,-0.0879093717930789,0.629757938675137,0.855844401517762,0.923243039251755
"MER21A",258.026971711075,-1.41603999718291,0.353692016596721,2.17067663094466e-05,0.00027722641543779
"MER21B",337.497834471729,-0.287898579337298,0.314722232163393,0.332622614289408,0.530061706193816
"MER21C",1320.83747733919,0.835329526311136,0.40730393471352,0.024473419575632,0.0762342756118991
"MER2",750.96518042282,-0.802902501010842,0.381176755487236,0.0225648849474834,0.0723046851005381
"MER2B",101.422267775675,-1.15918762727824,0.434620901118249,0.0032960487649222,0.0168381005476597
"MER30",373.178340265567,-0.888554487551107,0.338258946746278,0.00511062176161142,0.0232501246464244
"MER30B",6.1158461526935,-0.00626805234868482,0.839413451640541,0.986229981693917,0.994013081887668
"MER31-int",269.5165638562,-3.14379435271315,0.436224842961419,5.27789231582553e-14,4.28948702758911e-12
"MER31A",104.737733195522,0.0138157767264635,0.400435466445303,0.972199779512933,0.990045304237449
"MER31B",129.607911384513,-0.243466427099423,0.347784271516095,0.454860005954658,0.651674431608115
"MER33",896.217242267137,-1.06227052973435,0.369719875074192,0.00202722618404371,0.0114705076489562
"MER34-int",33.2001632747095,-0.708615437769418,0.805028901248828,0.20018292533756,0.375371919604695
"MER34",105.890650583816,-0.774204202512112,0.493977262298875,0.0728914321405348,0.177561145323265
"MER34A1",73.1465453292271,0.0207457276672543,0.434253227386878,0.960427637621807,0.988995998472187
"MER34A",130.965903511712,0.201383175763506,0.476295093226012,0.634339449411314,0.782015207739106
"MER34B-int",122.993768589934,-1.92403509529105,0.6252175460771,0.000360696976434121,0.00277985428389745
"MER34B",110.198745112155,1.91428280016483,0.515645999463454,4.21442263835143e-05,0.000489310888141062
"MER34C2",45.2953058979057,-0.277369643581428,0.563706549572788,0.55402522824618,0.722512946965458
"MER34C",6.98851343685374,-0.549955550889157,1.00445838065071,0.272332299543477,0.46730340842969
"MER34C_",100.743178227106,-0.338685431070483,0.661703636479195,0.504074218573228,0.686954803970222
"MER34D",17.1561858674789,-0.0435489271647616,0.793442647163561,0.926392391028364,0.966388328564011
"MER39",239.192560856302,-0.0734856735655968,0.312640061409773,0.802858870716498,0.886118309161171
"MER39B",125.469119035855,-0.311616180915883,0.352432679871774,0.344349216152721,0.543901412085746
"MER3",865.236932163619,-1.00712400753592,0.262722838983498,7.01169871428642e-05,0.000728890540764193
"MER4-int",930.95538670859,2.22644260560457,0.753839017034347,0.000428914911000373,0.00311747910922222
"MER41-int",239.069791780561,0.226332672373753,0.32380257066627,0.462481560469571,0.658373431623879
"MER41A",285.425460916835,0.00744261184250581,0.330749963952185,0.983371631818816,0.994013081887668
"MER41B",488.483340477239,1.78309105307874,0.499802113668573,8.43239973499704e-05,0.000828413776163446
"MER41C",59.995161445782,0.0179655576340507,0.443283179657359,0.966702779423097,0.988995998472187
"MER41D",61.0932778742743,-0.176125947283864,0.516061657822056,0.690244870675568,0.817323065409215
"MER41E",50.86035492816,-0.153718357944167,0.811384040038547,0.752718894228913,0.858329963572255
"MER41G",13.8544702363729,-0.430257766732956,0.713370378460057,0.412880310572115,0.61416804933689
"MER44A",290.543400439186,0.466424438067616,0.458867558944659,0.25623516558156,0.448286180097681
"MER44B",248.515410629564,-0.00158174721603936,0.41623434114123,0.995195830464463,0.99631027148402
"MER44C",272.861851019766,-1.43190389776389,0.509415746357121,0.00152954914413072,0.00930215601940721
"MER44D",68.3053083769365,0.0205898884785807,0.469914863670332,0.963019164937519,0.988995998472187
"MER45A",252.561739641062,-0.492731913619853,0.438725952373631,0.211152381498279,0.390377462978959
"MER45B",100.547517790253,-0.257861171268757,0.40991386006515,0.489584877061305,0.677536966087936
"MER45C",53.7951172689572,0.180775848159393,0.808092843771738,0.725372860472873,0.836752693242256
"MER45R",51.6234956596973,0.566954229910425,0.642364320577864,0.265583865869242,0.45747972271118
"MER46C",399.003958688551,-0.143718183641702,0.52219891879512,0.744450911358896,0.8525134593629
"MER47A",305.814175101019,0.0511870654657859,0.405912904546042,0.893918919932613,0.943522449137847
"MER47B",62.8149863807344,-0.237137674530688,0.655543118056734,0.635993473568723,0.782088260482034
"MER47C",38.7633386425016,-0.50651977018717,0.735259974093087,0.33984384675303,0.539645468911561
"MER48",13.0346933243685,-0.782573806833608,0.958540014703646,0.174726800695454,0.341806914270756
"MER49",220.538358700261,-0.055739407283654,0.572516423103636,0.902061684036916,0.946529513531693
"MER4A1",378.465948132205,1.25462623994513,0.379278880389121,0.000381301974256379,0.00287157460997685
"MER4A1_",33.1046491447431,-0.705560778639391,0.714776946999624,0.190095708527664,0.361833892101195
"MER4A",148.039908887877,-0.913289633428188,0.435863746292837,0.0204305880682503,0.0671505357831462
"MER4B-int",123.816756139459,0.095362341051743,0.353249530844405,0.775649827944101,0.870051375385227
"MER4B",201.392926473103,0.148589163719777,0.464381552928155,0.722087731439415,0.83511828189759
"MER4C",92.6606053357506,-1.17008674445942,0.450864535724158,0.00403574577079219,0.0195308147776613
"MER4D0",54.1452847456627,-0.0357622324304768,0.415418580790413,0.922625848779783,0.963583538328418
"MER4D1",560.453660505307,3.12936264225966,1.12478025848779,0.000372548110857124,0.00284664966757495
"MER4D",116.979358319118,0.584696818457879,0.65148803604767,0.256036821358874,0.448286180097681
"MER4E1",130.339254358168,0.20346103139017,0.352384260701418,0.540101266259333,0.717459928730823
"MER4E",85.6269852321906,-0.325023428605397,0.448261253365015,0.416608395512448,0.616635605278358
"MER50-int",24.8908453466904,0.614406741282903,0.76224924720944,0.262255030292476,0.453493224528963
"MER50",195.030312486463,-0.128325807520939,0.388819297479309,0.718678857008037,0.834926569517494
"MER50B",44.3662810957114,0.291619671122187,0.603670815611376,0.554411500691615,0.722512946965458
"MER50C",9.4980540137532,-7.10567247343729,3.08152862356519,6.09048568470353e-05,0.000648201690729161
"MER51-int",229.000151976277,3.11407550316354,1.03133115624017,0.000191789876772694,0.00164865528687296
"MER51A",147.887178033188,0.965526552508091,0.628385268686486,0.0597558217688821,0.15351064557868
"MER51B",42.5636992152962,-0.495003419361953,0.49464422727669,0.24980843653286,0.442235133188865
"MER51C",20.9674053015133,-0.201791921695028,0.738455943522785,0.691981156359736,0.818295176965084
"MER51D",24.6208801958096,-3.54507347351258,1.070562833774,7.60308800648397e-05,0.000772404622476894
"MER51E",31.8503106185988,0.790773869534376,0.642405747885146,0.124956780621059,0.269274137063175
"MER52-int",33.5511587182013,1.25374524889362,0.99002593701627,0.0527731123426542,0.141254977348302
"MER52A",339.303754694005,1.45354762227,0.514942865455676,0.00151673395604786,0.00928739833360813
"MER52C",119.555531632243,-0.376578107471698,0.586462736429944,0.431794252477957,0.629729301330006
"MER52D",35.9904602335789,0.649031309877321,0.77507720722671,0.240890597268415,0.430712387915925
"MER53",476.64024692731,1.19658851754236,0.524846966318501,0.00910386130387427,0.0365291528529685
"MER54A",128.995237060183,-1.24844441540399,0.463894015062929,0.0027280420677995,0.0145054135678041
"MER54B",32.9750898134515,1.07227388030617,1.09866684256932,0.0886502718763206,0.2047890001484
"MER57-int",228.95153437338,0.763511913228711,0.437636259413099,0.0535237777522857,0.142411480090903
"MER57A-int",211.29455795327,0.320309378597464,0.303980787881668,0.27058125699267,0.465191622598937
"MER57A1",104.985004441051,0.270499705488452,0.495746468205052,0.534848931696345,0.714730859396909
"MER57B1",79.2322031908593,-0.382295351595126,0.612812763143796,0.434492019437647,0.632631702568822
"MER57B2",78.6833724388479,1.0712881946546,0.492882796261823,0.014116171072236,0.0504794277543161
"MER57C1",29.2193109757391,-2.21159824325096,1.02217812710617,0.00361261407912495,0.0180428881940654
"MER57C2",38.345457527543,1.05911400670869,0.641789159784988,0.0425986385724049,0.120898993281682
"MER57D",52.1700123947372,-0.0929723256525384,0.657448588769433,0.849330780517925,0.920365718524878
"MER57E1",37.5876833910153,-0.618217785399598,0.611279767704192,0.211345293156394,0.390377462978959
"MER57E3",29.061117010485,-1.5536675227778,0.809402887945272,0.0123173004660038,0.0456915627245121
"MER57F",94.992476406795,-1.84156260786137,1.05659926674182,0.0110083237529811,0.041878474192192
"MER58A",1136.31512834204,-0.565021372760134,0.312138424181444,0.0560230637538093,0.146471253368099
"MER58B",692.525185514607,-0.725124703760735,0.352491426365201,0.0275834301146695,0.0841624113396401
"MER58C",258.345708809743,0.312056595579419,0.41952383330565,0.414741927704226,0.615912430843153
"MER58D",52.0658295138318,-0.646826167080813,0.464404985088328,0.117147137040945,0.256690050280894
"MER5A1",1623.24444345767,0.536034163800841,0.403301711594284,0.147519698056526,0.299053537556767
"MER5A",2471.41799961967,-0.209650951015088,0.26550403303548,0.411221292194942,0.613742629753386
"MER5B",1851.15052111737,-0.557554513132487,0.287753320150497,0.0424130608949076,0.12075565745238
"MER5C1",48.3911682314277,-0.737360101410587,0.796030745857242,0.186054449834605,0.356716318595594
"MER5C",145.412176292023,0.58315025048349,0.472005227473092,0.16453020554574,0.326085820044175
"MER61-int",228.011759923003,1.67200126955463,0.549128689968084,0.000575986520934105,0.00396101499780838
"MER61A",39.7846218272466,0.408074978414674,0.594146554066867,0.402410021447318,0.608721758331476
"MER61B",19.9421584662219,-0.39925002482989,0.85345251946932,0.43839504121179,0.635210967331184
"MER61C",10.4236408191098,0.0215437221963452,0.886077294924955,0.966286117526064,0.988995998472187
"MER61D",34.4683124160376,-0.3868959738724,0.749941551258596,0.457836676547679,0.654889582133799
"MER61E",16.5990082987702,0.0090357876395877,0.787022414320349,0.989898458695193,0.995465941589992
"MER61F",18.6503150729165,0.589005034080126,0.864205236233378,0.286021547830201,0.483740620011487
"MER63A",198.85136437451,0.855816369351475,0.313553088148603,0.00406434972558861,0.0195351002939582
"MER63B",148.513317344219,0.200580257560558,0.415818470331712,0.599328045824242,0.756234623319086
"MER63C",90.3719069193506,-0.448381865301823,0.524824156917943,0.316121243291911,0.516658851010912
"MER63D",102.829795981364,0.323719955268864,0.558864816345617,0.49239637104199,0.680374583789086
"MER65-int",107.46033076216,0.177428198953776,0.452116753842961,0.664207211560224,0.801351210708286
"MER65A",218.091994961119,1.61883670041415,0.756917178028258,0.00707502338721419,0.0308540044300951
"MER65B",12.7048794491441,-0.0856418683681364,0.836132799459881,0.855059545752265,0.923243039251755
"MER65C",57.6488509531996,-0.395737172483336,0.573972034720198,0.403670012846817,0.609060255326616
"MER65D",25.0793168902983,-0.552910198147372,0.747319139741826,0.30336884926798,0.500390684954934
"MER66-int",174.339922300118,1.85937298234285,1.11416985707925,0.0124587558554278,0.0460253212179853
"MER66A",864.637524713848,4.24864556025104,1.20352928681328,NA,NA
"MER66B",198.523673796746,2.07019746163828,0.667001861923073,0.00031036830768901,0.00256915988031459
"MER66C",52.8788929237922,-0.237593165046596,0.574608453814198,0.614264995286844,0.764836916137101
"MER66D",11.5167001123853,-0.831478712275515,1.1319201928973,0.140515417759435,0.290390392946908
"MER67A",92.5220128702691,-0.241237934969225,0.553232696954967,0.601434918545716,0.756234623319086
"MER67B",53.088243938839,-1.57419109296052,0.837017630490591,0.0127028438728466,0.0465423869767412
"MER67C",194.014032074134,0.278369013924297,0.54289881140122,0.548239540871813,0.722512946965458
"MER67D",123.742119785811,2.54931451051087,0.637165615690736,7.3788506461442e-06,0.000108142499633654
"MER68-int",91.6821525098774,-3.68250457913882,0.732418174961251,3.51805070626019e-08,8.50037116593678e-07
"MER68",422.29680660403,-0.00924356121133209,0.556725399071764,0.979715170250203,0.994013081887668
"MER68B",108.339233124461,-0.440256457194638,0.632534403940679,0.379439748504753,0.584066860965446
"MER6",91.549484765868,-0.0630364744738407,0.682541184033094,0.896430699175719,0.945057836159308
"MER6A",81.5865284527662,-0.179982629504573,0.685586125910169,0.720054122033543,0.834926569517494
"MER6B",65.163553021185,-0.349248399046521,0.697246082404978,0.497025525400504,0.682551182347236
"MER6C",9.52525448764817,-0.661542509251913,0.974251236269348,0.22702561009388,0.411685386255434
"MER70-int",49.8669136334211,-1.38333916158467,0.727154426584028,0.0155210538534457,0.0546292210432301
"MER70A",143.243646241712,3.39887752640893,1.1364174899052,0.000187522761638243,0.0016276247466465
"MER70B",10.9651314452917,0.304946127365849,0.937336685046779,0.502797473222103,0.686260978718412
"MER70C",29.5372588109554,-0.219606120008313,0.787956066067136,0.662725701984971,0.801110688334401
"MER72",93.3834637598509,-1.2960091953419,0.387837861695946,0.000317440957527421,0.00260359831219738
"MER72B",8.05734109589621,0.233282344818204,0.843519831827885,0.640854357121932,0.786983235256878
"MER73",17.957006771885,0.665494097959483,0.722098704087754,0.219699004974638,0.401658303573264
"MER74A",170.997944294031,0.723631461272644,0.410899159863942,0.0543553103132678,0.14402423624313
"MER74B",81.1275666569056,0.37239136445205,0.483311865994106,0.383732993642086,0.587426877253467
"MER74C",12.543095908597,-0.299741280778068,0.843585833255275,0.548961041838242,0.722512946965458
"MER75",22.4622526056265,-0.156805036869557,0.722412855916706,0.756377143022967,0.860798445736905
"MER75B",8.20627643686233,-3.15345421154839,1.48736925593374,0.0027420748243388,0.0145054135678041
"MER76-int",15.4292193352353,-1.1899281028566,1.23938324611154,0.0672694337633077,0.167985680962003
"MER76",27.5003527289483,-0.247878169055592,0.693368447534878,0.62663402101102,0.775915255933313
"MER77",199.645774781876,-0.205508976547097,0.310383920762481,0.484913254203192,0.67420287598391
"MER77B",184.954404518522,-0.0157446891424226,0.41527440667252,0.963917998212899,0.988995998472187
"MER81",184.096642520886,-0.700575606112382,0.535029711479221,0.1260125522516,0.269274137063175
"MER83",318.754739926595,4.3638364993006,0.749400530416502,4.6059772876176e-10,1.58374757505005e-08
"MER83A-int",60.7348740552828,4.92360267241055,0.94098043006732,1.32432345909144e-08,3.3827004926507e-07
"MER83B-int",23.751107341297,0.352525758835875,0.848478573909494,0.4957320542838,0.682551182347236
"MER83B",27.9484198478141,-4.30281705325454,0.97169392919001,9.82649292388089e-07,1.83018430707282e-05
"MER83C",6.78232645088258,0.0199435757654077,0.872358817369527,0.969083327362009,0.988995998472187
"MER84-int",5.2423978736067,-0.0547199509978221,0.910412205802713,0.890747554995639,0.94271885801458
"MER84",63.1565118103548,0.924986550082811,0.852148011945829,0.114019680211429,0.251687886688931
"MER85",77.379237433442,-0.732343337029172,0.62141411098504,0.144378984145645,0.293996905203556
"MER87",27.0068738930899,-0.181647872434345,0.606565184807119,0.707230920288075,0.827571260127669
"MER87B",59.3528830582406,-0.259446631564273,0.646127233761586,0.602894253880978,0.756633403126492
"MER88",18.9374670272838,1.04246721406514,1.25648284342323,0.0883253097332482,0.204566909071306
"MER89-int",38.1398322339826,-0.480791582905019,0.552752391640128,0.300476099146146,0.496535365317292
"MER89",145.367841803572,-0.546780405754079,0.386308750623365,0.124368258545258,0.269274137063175
"MER8",130.517117891201,-0.719752547740426,0.533140052963439,0.113719540877541,0.251663788028254
"MER90",107.504444553367,-0.157019203971553,0.429120636159187,0.684512001424105,0.814503166596779
"MER90a",176.828978986448,-0.000825531180092403,0.527561702881905,0.994837209482249,0.99631027148402
"MER91A",296.789375309213,-0.00639286645871549,0.319445619983502,0.980813462737303,0.994013081887668
"MER91B",67.8043039009145,-1.82068294506956,0.579166690014636,0.000360416426422474,0.00277985428389745
"MER91C",116.777848322333,0.480038461375859,0.558219069561753,0.307099447746173,0.505182678985633
"MER92A",2.12614452101605,0.281433200213291,1.03290051393925,0.371456047742069,NA
"MER92B",97.2137282154547,-0.889551403772999,0.553636437649843,0.0582313330399185,0.150025394056735
"MER92C",5.96632140340452,0.18477018036272,0.855861059737731,0.704738214461722,0.827571260127669
"MER94",238.940020785798,-0.383369972544814,0.302991035627521,0.183322111337513,0.353782851712738
"MER94B",29.0377205811218,0.283384299813955,0.780696714443235,0.588891707376373,0.751025943501394
"MER95",18.6152293657264,-0.939402178897073,0.994992883556313,0.116742394080905,0.256431696089261
"MER96",55.7130978519959,0.220342483141661,0.542890982506307,0.634113574115368,0.782015207739106
"MER96B",137.612224204872,0.703827987434764,0.706843572031775,0.190630607583516,0.361833892101195
"MER97a",14.2232558137591,0.376359375388838,0.849449923521692,0.466696608080286,0.661333372959746
"MER97b",15.1290620363498,2.12775068869491,1.19871587815617,0.00870506931504585,0.0353742362165954
"MER97c",8.08920026749923,-0.218858346407112,0.852558285397219,0.65244203002649,0.794663725945071
"MER97d",25.5802113963544,-0.475898311570754,0.602920244490754,0.32927403674701,0.52849369632285
"MER99",19.5182989004422,-1.14513703287947,0.930406855431748,0.0660652007594041,0.165440586775651
"MER9a1",56.315797479594,0.301949537276122,0.601900822561235,0.539541728781032,0.717459928730823
"MER9a2",101.428336024395,-2.61851363913355,0.675933139654762,1.05224235934072e-05,0.00015172655955655
"MER9a3",83.5891409756786,0.602944502637889,0.63914958074361,0.236991640657927,0.425442824795555
"MERX",57.8924301054604,0.341135319380607,0.63994519316128,0.499749506815515,0.6833477573825
"MIR3",9450.88589864661,0.0495426335357937,0.344024442641184,0.866178951961934,0.929407813844306
"MIR",16944.7415234912,0.205406902049947,0.302498822030693,0.468305357721705,0.662188011716541
"MIRb",23991.2671828139,0.362080967756276,0.36715249643243,0.292508639616908,0.489619607641098
"MIRc",10600.8377758961,0.322843355599378,0.37519687747794,0.352384550408624,0.552749926070347
"MLT-int",36.2097605011607,-1.84731765448623,0.862704821409231,0.00548999355003546,0.0246635891142297
"MLT1-int",7.0815111713624,0.117526675549067,0.900022033775418,0.792125726054011,0.882890502669701
"MLT1A-int",37.4856865093957,1.13813397309303,0.984052544146017,0.0720639669926518,0.176636987427284
"MLT1A0-int",52.5836191347342,0.536354639513584,0.609084873119408,0.280492849913338,0.476731193578943
"MLT1A0",1896.05470973031,0.801946015051622,0.26144139712924,0.00147014859723418,0.00906422652363692
"MLT1A1-int",103.817859713485,2.7042812901966,0.648671599877191,3.80904260111674e-06,6.08086443821136e-05
"MLT1A1",726.814246540925,0.386981471532763,0.273336744893171,0.141816022489665,0.29064744026773
"MLT1A",978.53372445847,0.926720320449145,0.389005950610075,0.00978457378512602,0.0378717684029391
"MLT1B-int",104.860023626516,-2.68855332134711,0.725929282589383,2.4040752253273e-05,0.000302710317104593
"MLT1B",1720.15471341926,-0.316749774456333,0.257658820447561,0.202711052985694,0.378337539392924
"MLT1C-int",25.4169783995312,-3.69085832247331,1.97438887192515,0.00219041443521068,0.0122389406567397
"MLT1C",1382.94281709336,-1.22598869139799,0.300467642227047,1.91777541094802e-05,0.000252131061380519
"MLT1D-int",38.5337633089356,0.321910279533681,0.522004405181315,0.475672190803562,0.667457298348244
"MLT1D",3318.83692374423,1.110146316898,0.542469820526954,0.0180757680514247,0.061211123628688
"MLT1E1-int",5.755278923319,0.154753751688043,0.975710723147457,0.642688457128125,0.788152922733257
"MLT1E1",58.4420156454126,-0.0824150742028606,0.688378440313948,0.86703145049905,0.929407813844306
"MLT1E1A-int",4.63519494917869,0.150915892747699,0.922934568802965,0.722015845808302,0.83511828189759
"MLT1E1A",279.218369333322,1.17202820849721,0.530954446645386,0.0114794747435062,0.0431203799188847
"MLT1E2-int",17.5833419312975,1.00574906440171,1.02617331602183,0.102939078727144,0.231224965784088
"MLT1E2",463.255880753409,-0.243364280205085,0.309564319397688,0.406199472730668,0.610481280806142
"MLT1E3-int",9.36517198925437,-0.485767369945412,1.12512161196859,0.170994874380556,0.335239951088196
"MLT1E3",103.786765554023,-0.0145276980940483,0.679062450553619,0.972326372617987,0.990045304237449
"MLT1E",104.579795443651,1.03463757666982,0.685760581269143,0.0559647504809818,0.146471253368099
"MLT1F-int",73.1360182959535,-1.76312747594643,0.678395772765538,0.00192047770965903,0.0109357138371667
"MLT1F1-int",34.029905589139,-3.2188319152906,1.10477361882952,0.000281870082368909,0.00235506405268976
"MLT1F1",389.476822525157,-0.77847517824504,0.405626762171819,0.0358244302818184,0.106402128478225
"MLT1F2-int",33.8296222773913,0.191115585374346,0.568692384124038,0.689006243271853,0.816938436982807
"MLT1F2",641.12889791876,0.420301082521433,0.403761792238114,0.259755985535417,0.450916215667307
"MLT1F",476.58099651038,-0.160343367011102,0.263174397377959,0.526548544266121,0.712154914635268
"MLT1G-int",39.2330876441888,-1.71208795800586,0.880637125749912,0.00916770897066033,0.0365291528529685
"MLT1G1-int",9.2801017015719,0.111611264615722,0.817940606324505,0.824400877480881,0.904312128181482
"MLT1G1",330.810846445497,0.782110261698439,0.317992964949798,0.00941972579013975,0.0369352405981795
"MLT1G3-int",16.1066625736144,1.39389113445695,1.20374580451262,0.0455728051609012,0.127319024418268
"MLT1G3",235.474652745758,0.439442827815527,0.498488966086753,0.314395034294279,0.514778682525798
"MLT1G",264.418000342873,0.41212310337896,0.374291923850433,0.236496105717077,0.425407481913616
"MLT1H-int",487.961688939045,3.58410509351913,0.552474771523184,6.96774330100091e-12,3.89322656943426e-10
"MLT1H1-int",16.381917608706,-0.271538168611663,0.68913416220191,0.5925198694236,0.751365621652055
"MLT1H1",248.501252563541,-0.0803676207572784,0.475720806186394,0.845181769520552,0.9180953851171
"MLT1H2-int",13.6088704825237,0.0902231297064377,0.823025271997515,0.85855717300337,0.923646344963914
"MLT1H2",243.86098138162,0.531989263225636,0.498534361378149,0.223454334247926,0.407690152689073
"MLT1H",776.360173884018,0.33834473348781,0.264535395165541,0.18361884026254,0.353782851712738
"MLT1I-int",49.2063804796996,1.3128653409238,0.637317920362823,0.0133304855779836,0.04844493539316
"MLT1I",846.840711523511,0.0466145544746763,0.385533037730263,0.897661085320257,0.945115729232356
"MLT1J-int",81.9397511016744,0.217279619171746,0.428653891397725,0.577341731507199,0.741948730221333
"MLT1J1-int",28.3983023686445,1.01911184442294,0.647842682586705,0.0512220967055718,0.13839506151643
"MLT1J1",263.503205782629,0.750032618943677,0.321027887815587,0.0135849483887183,0.048774874937808
"MLT1J2-int",44.9431226197686,-0.361265371894524,0.821678968369512,0.482962102548494,0.672536011960052
"MLT1J2",420.031891492283,0.173490122470031,0.347239234881101,0.591971163705468,0.751365621652055
"MLT1J",1683.42774021163,-0.419412916179832,0.358608893964855,0.209599092127352,0.388758482078532
"MLT1K-int",5.54279944732251,0.0181865387801857,0.912607782029098,0.96868291626601,0.988995998472187
"MLT1K",3158.15784502627,1.41520541885865,0.644349669037408,0.00846800655920605,0.0347783162737768
"MLT1L-int",7.78034455582888,-0.564263450697537,0.956545986817417,0.274347723154783,0.469822800912713
"MLT1L",3784.96055423271,2.85811943256968,0.804583252276018,NA,NA
"MLT1M",219.013860869579,0.218877594035663,0.41647452344325,0.567046984818372,0.73469565859076
"MLT1N2",390.366937554425,0.577832534327701,0.329309836659377,0.0635687191680071,0.160537951797171
"MLT2A1",467.900415532914,1.48671802877374,0.740715878972085,0.0114646028912413,0.0431203799188847
"MLT2A2",311.311989643812,0.0196710528662165,0.404624457814809,0.957505144590901,0.988995998472187
"MLT2B1",264.518672795362,1.17976641367966,0.363097697535858,0.000528612318490773,0.00372109773803741
"MLT2B2",105.865969706277,1.21372916369722,0.481843388323039,0.0048594141402092,0.0222785448274206
"MLT2B3",481.336727790886,0.597800583086496,0.431259085592746,0.125964141771078,0.269274137063175
"MLT2B4",2540.88378978089,4.00238466809632,0.639158711502106,3.0422717425976e-11,1.29513854184869e-09
"MLT2B5",5.29979750906145,-0.132988384602548,0.865905355935282,0.771883039052127,0.868004323160505
"MLT2C1",270.561996302019,1.18999414413288,0.539170394472313,0.0109181121656188,0.0417127875045436
"MLT2C2",236.079180700993,1.5080915393008,0.896487227129676,NA,NA
"MLT2D",293.653210235405,0.417444056120909,0.432152424514006,0.287863545689162,0.483740620011487
"MLT2E",11.3660531886762,0.491362735029721,0.855086808636871,0.362178637412729,0.563175169621353
"MLT2F",129.457011617945,0.278849234210359,0.443359960368915,0.486086775423527,0.674233523912522
"MSR1",133.353494746149,0.82166517737559,0.741212085135407,0.136999304897071,0.28549505496033
"MST-int",767.916471916122,-6.85424608221962,0.913990603539268,1.57917388764562e-15,1.41178145555519e-13
"MSTA-int",485.867374596642,-0.169911644473507,0.287043385180954,0.534743712533896,0.714730859396909
"MSTA",1382.25978595701,-0.0747420507268031,0.298972543918331,0.799988552058733,0.884229202889721
"MSTB-int",171.264665543061,1.63346606098166,0.706117246535641,0.00471068715917032,0.0218204887062086
"MSTB1-int",11.4619085621832,0.130449360901872,0.803731487843279,0.798976250257071,0.884229202889721
"MSTB1",555.298724082041,0.91448183872446,0.515816711608499,0.0417313378715648,0.119828412282447
"MSTB2-int",12.3529150492284,1.36544217594399,2.88353230657177,0.0149692348380756,0.0528952408902752
"MSTB2",98.7251298393927,0.577872266146109,0.428836417563589,0.137325790603081,0.285509899532918
"MSTB",1127.06296134724,1.20588605616556,0.421261309368573,0.0017887794883302,0.0103842133932935
"MSTC-int",161.467080781853,4.03888611610943,1.00318835477703,4.30629079851055e-06,6.7540771471376e-05
"MSTC",471.461207410256,1.5097838687619,0.404116713090366,5.87142623881474e-05,0.000632416271987998
"MSTD-int",124.249202761275,-0.406118517701145,0.457135232068162,0.317523002300066,0.517914553106278
"MSTD",865.82609286043,1.05942100540721,0.358376930185141,0.00160600460604047,0.00950839813112702
"MamGyp-int",49.2068361211259,3.292296594466,0.905573276977737,2.98001616833265e-05,0.00035465785960718
"MamGypLTR1a",72.5737430928222,0.320443004170691,0.516939873764079,0.473367808766168,0.665897371258389
"MamGypLTR1b",174.301023545687,1.87268820865938,0.539027802039669,0.000105425940091029,0.000992113583593473
"MamGypLTR1c",57.9154013031085,-0.676198119339316,0.589986734293495,0.164866656219202,0.326085820044175
"MamGypLTR1d",34.477578451373,0.895891723529855,0.922102970992938,0.132695871607862,0.278474434782695
"MamGypLTR2b",55.9312676005307,1.15684848658061,0.789247059598656,0.0489910086210938,0.135178894158203
"MamGypLTR2c",46.187572209301,-0.148914745025098,0.558197643334954,0.746076548990279,0.85293150229835
"MamGypLTR3",86.56864840984,2.57191464789398,0.945575583784199,0.000669942197598229,0.00453733579282437
"MamRep137",310.619166017733,-0.270279652672557,0.538228578095845,0.550963997828436,0.722512946965458
"MamRep1527",90.2118552152449,0.456551897947396,0.53934930587418,0.32068298804159,0.519367013241271
"MamRep1879",194.218408462894,1.29833003950617,0.779548202200056,0.0284895699393435,0.0866315494073915
"MamRep1894",38.7462140892018,-0.202608721153568,0.633334675115187,0.681031351504598,0.814503166596779
"MamRep38",232.425350541323,0.943757295637422,0.578354426305265,0.0522006618747734,0.140142317465608
"MamRep4096",55.5062999095955,0.977429467900986,0.521194395299801,0.0306060139966293,0.0927517847897851
"MamRep434",257.941457073751,1.45791828141797,0.585323595326478,0.00379344766682618,0.018736697315705
"MamRep488",25.6858742856221,-0.989853519376877,0.736830361521062,0.0754574630633663,0.181830113149999
"MamRep564",52.3391227623827,-0.871140734203913,0.587714855200438,0.0747169562136805,0.181021568712819
"MamRep605",443.65200912105,0.533519845523557,0.393122499863492,0.140308446213732,0.290390392946908
"Mam_R4",45.7110072991222,-0.996045827069646,0.842887790604082,0.0907140619866486,0.209016421175422
"Merlin1_HS",2.97279937367832,-0.287487432584237,0.991695659015177,0.445861512650106,0.642903535982572
"ORSL-2a",9.85016340834301,0.569538183349152,0.799469321571122,0.300214569726663,0.496535365317292
"ORSL-2b",39.1753073140443,0.384291525357712,0.810247906630766,0.468864666014061,0.662188011716541
"ORSL",100.132865333819,-0.490861312901253,0.365891633473519,0.148578658506792,0.299840453058854
"PABL_A-int",60.4165121768953,-0.685605849003753,0.652174326154372,0.182940123188428,0.353782851712738
"PABL_A",39.8705395677714,-0.548479225857149,0.687995696340353,0.29355269540898,0.489619607641098
"PABL_B-int",22.1245437772199,-0.400402999581872,0.850661970040952,0.438003846808438,0.635210967331184
"PABL_B",29.185324066042,-0.259863519784543,0.81973872642362,0.603444761106475,0.756633403126492
"PRIMA4-int",90.5075856132891,-2.44909995178046,0.524560920159038,4.43144384813767e-07,8.61241478311974e-06
"PRIMA41-int",92.2757885622269,-1.24611961288692,0.695956793436712,0.024218539904945,0.0759697357018275
"PRIMA4_LTR",30.9887088724346,-0.129223825219275,0.573687742175008,0.783177993329367,0.876296778518716
"PRIMAX-int",9.40581121528125,-0.70261536508976,1.19295824631989,0.131317848853307,0.276230957352604
"Plat_L3",445.420843243255,0.4133005770219,0.528584449005172,0.36411976033656,0.565144211355702
"PrimLTR79",6.36630971780044,-0.815531780851646,1.49652309920369,0.0365041453095625,0.108061940088572
"REP522",19.155762965761,0.464899961132571,0.892011146605165,0.374876732767289,0.578825214324622
"Ricksha",43.9850065998179,-1.65557325508981,0.690172243894477,0.00350201412172997,0.0175887675552056
"Ricksha_0",32.5301102189131,-1.77755466228459,0.741522985997207,0.00319124252100336,0.0165335500381893
"Ricksha_a",5.96082569322893,0.346958028780323,0.855006200065314,0.496457202793881,0.682551182347236
"Ricksha_b",5.73444485865111,-0.0238385956506932,0.901569058438369,0.951345238369859,0.987807947854418
"Ricksha_c",36.3737206702248,-1.12436812180036,0.776734475785064,0.0530596191926327,0.141597909128996
"SATR1",144.481398745681,1.34822863588818,0.494658227424993,0.00225365673172974,0.0124368464084345
"SATR2",44.2856118516049,0.575855043504307,0.741834462220535,0.287462405575968,0.483740620011487
"SST1",96.4110828197448,-3.67182381327303,0.938528936050012,7.09735919095853e-06,0.000105750651945282
"SVA_A",722.473139774627,2.62221347728675,0.391141587429884,2.56591630882883e-12,1.6114066156344e-10
"SVA_B",138.280363626589,-0.982892875250801,0.404518054477605,0.00810127710734884,0.0340025433519712
"SVA_C",157.153071174986,-7.08034981542726,0.902767781764849,1.55856305666457e-15,1.41178145555519e-13
"SVA_D",387.519098412182,-2.91438731999372,0.35133836450665,1.26037818671101e-17,1.87796349819941e-15
"TAR1",4.01727018053092,-0.532147569569454,0.985611117100753,0.293046468745839,0.489619607641098
"THE1-int",124.74851456472,-4.95557917711869,0.858753377224,7.47549992593124e-10,2.30451618406294e-08
"THE1A-int",460.15514588527,-0.0655402640326574,0.457526805732852,0.870172704094682,0.931657961030714
"THE1A",382.797355889386,0.489657336258811,0.450500311710361,0.225826601479383,0.411179188844335
"THE1B-int",1038.89304870444,-0.545860651019232,0.335238302940778,0.0838243014903475,0.196690093260815
"THE1B",2134.79182744826,0.437558546390882,0.270389665953519,0.0932768397030633,0.21272830279219
"THE1C-int",345.728486343475,-0.596260908075938,0.355921011316888,0.0722906882023089,0.176636987427284
"THE1C",1020.16980193879,1.22643093021398,0.264268470121599,1.5463818015994e-06,2.76493066125972e-05
"THE1D-int",463.750575500331,-0.239969100225317,0.318989382552641,0.426132329559244,0.624201840692222
"THE1D",1529.9175636603,1.65183174294406,0.520716213164361,0.000384977302822182,0.00287157460997685
"Tigger10",136.154996437151,0.306535686225626,0.400268727928881,0.406987520537428,0.610481280806142
"Tigger11a",57.953144302366,0.338220612875995,0.659220929062988,0.5078700293658,0.688976944238278
"Tigger12",38.9310101134762,0.613537653227284,0.656846143402165,0.236001471659725,0.425373620289908
"Tigger12A",66.8104466718565,-0.958476745523148,0.587861760661404,0.0496630501165083,0.136192536209075
"Tigger12c",85.3578250974801,-2.13245516507898,0.48712742213424,1.86270441807242e-06,3.2024187495322e-05
"Tigger13a",439.915265214964,0.96097217226506,0.628821170637956,0.0612607652275991,0.155588420776914
"Tigger14a",58.2867283573879,-0.72082492929565,0.880620945102587,0.200702212048148,0.375371919604695
"Tigger15a",623.204373210259,-0.459945569276035,0.257402957600012,0.0639977656493677,0.161166204198689
"Tigger16a",3372.67385622577,6.50668189373837,0.808951663815254,4.8020149136719e-17,5.36625166602835e-15
"Tigger16b",1353.16386688681,1.83086118429294,2.94135469265798,NA,NA
"Tigger1",2671.98071163697,-0.406646491178208,0.318518046630449,0.179399498211522,0.348659024785002
"Tigger1a_Art",50.3660889266844,-2.47719654713785,0.884676852888644,0.00055199702898142,0.0038553542492921
"Tigger1a_Mars",1.69084273073378,-0.179339363845069,1.00042411639146,0.533528381389328,NA
"Tigger2",561.27060872861,-0.732192433165842,0.382777686643728,0.0383306323741074,0.111141298525218
"Tigger2a",403.730683521733,0.394046862310427,0.403250051966821,0.287482234220475,0.483740620011487
"Tigger2b_Pri",158.362005036056,-1.45081719393992,0.442395015826933,0.000330041473288953,0.00268233706473022
"Tigger3",127.622077960827,-0.362474446847408,0.464525880802977,0.379981650212615,0.584066860965446
"Tigger3a",2979.39181838821,2.59027782785471,0.702933315361529,2.75511532855992e-05,0.000336032425284901
"Tigger3b",951.305057909184,-0.618494510451911,0.281028647958518,0.0215257991945484,0.0697248713040806
"Tigger3c",288.725471632687,-0.28462597909433,0.323194828551258,0.35021801681396,0.551223427872676
"Tigger3d",17.3058881704746,-0.283747495615923,0.825651516520738,0.574735941038111,0.741948730221333
"Tigger4",190.61323831487,0.325707075323727,0.455479617477037,0.426561188531072,0.624201840692222
"Tigger4a",418.729383416715,-1.52610829622829,0.490219642633207,0.000526726304574826,0.00372109773803741
"Tigger4b",305.799815507467,-1.20955615598616,0.475293621819867,0.00432958474423802,0.0203718355860463
"Tigger5",109.317924666058,-2.84962277698115,0.577852631680057,9.33549655318891e-08,2.08648347963772e-06
"Tigger6a",76.8437689587684,-0.521126409210436,0.536801302502687,0.253808801157093,0.446663520146538
"Tigger6b",20.8881272361189,-1.93640758389912,1.43737207642048,0.0163873865332169,0.0570051500416183
"Tigger7",283.941910133754,-0.65029400086704,0.332213410490064,0.0373956732255282,0.108898149392906
"Tigger8",71.9459529066633,-0.732249261296046,0.829059938537283,0.191979688597867,0.363622545776469
"Tigger9a",70.2219934561699,-1.87426295398115,0.629869697321407,0.000566883787269588,0.00392863647921714
"Tigger9b",60.0305637406297,-0.18017413718756,0.504859389034496,0.6788281451545,0.814503166596779
"UCON12",1.43992490446793,0.189157536759869,1.01030249790983,0.464930337835275,NA
"UCON14",3.36801270600121,0.0652839783102774,0.965111686914171,0.841937541627454,0.916771896825071
"UCON15",2.14839100196958,0.23174683700343,1.05285247248177,0.256909658592923,NA
"UCON17",1.83866387796403,0.236482776439749,1.05348687794297,0.272896504005533,NA
"UCON19",1.78308284160742,0.227973791611641,1.05069809627208,0.287823762116541,NA
"UCON1",7.42713756506217,0.835774027144183,1.49647480375538,0.0464831036995743,0.129457615910964
"UCON20",1.301199361077,-0.0327228034984147,0.977287740355046,0.90767110869992,NA
"UCON21",3.42023719552953,0.295467427822161,1.01251026462286,0.400158427437205,0.607371195464959
"UCON22",2.10223563631753,0.452213231814638,1.0361456241548,0.295826843282258,NA
"UCON26",7.14638518726607,0.804081409223474,1.30925864274967,0.099358352683846,0.224309008331713
"UCON28a",2.9725557463937,0.198824426774431,0.91988973011888,0.648600318994197,0.792109594368356
"UCON28b",20.6448207364616,-1.62103700892238,2.93036204958761,0.0170344178851836,0.0583481964914169
"UCON28c",2.70715470613389,0.426661727375991,1.06607991800924,0.262066326887861,0.453493224528963
"UCON29",28.8877312564594,-1.48577825855459,0.986071144786435,0.0250487553393528,0.0772192664599358
"UCON2",5.27423279268856,-0.260596248114444,0.941741973439989,0.542221399355948,0.719207612795575
"UCON31",12.2310629173665,-1.00126977254637,1.51957468345906,0.0607374391306353,0.154698776589139
"UCON4",26.6494865664183,-0.302268533174492,0.925110913991333,0.504954138032906,0.687106543989981
"UCON5",1.78105334691383,0.233973168507506,1.01757336145463,0.447876358872342,NA
"UCON6",3.47418110626674,0.105695076614197,0.958428019626654,0.766213853821795,0.865986327833988
"UCON7",6.7662637460447,0.627351661809032,1.31725668280753,0.0231302134083637,0.073294066463602
"UCON8",6.25272904269346,2.151557150438,3.6905658547138,0.0168642406532468,0.0582109310579253
"UCON9",46.3832283490298,7.24159351084657,1.47944573306302,1.1678230257966e-08,3.07068760312399e-07
"X1_LINE",2.04060413231434,0.0759075869458818,0.940910627972467,0.841361029813087,NA
"X2_LINE",8.77292430104839,2.58906364564499,2.08218626507115,0.0111909738252308,0.0423929262701539
"X5B_LINE",1.53101529269445,-0.0284495516524784,0.986168935361916,0.909931896352927,NA
"X6A_LINE",58.0429790512734,1.22406404102149,0.527906414613987,0.00781513982848396,0.0331124881832448
"X7A_LINE",59.1119220667965,-1.26987557586408,0.51745959582464,0.00529327721952685,0.0238999486578637
"X7B_LINE",34.7907689085774,-0.365161739118312,0.849215348411443,0.473725646667042,0.665897371258389
"X7C_LINE",194.41155590747,2.67363554675632,1.17400019124946,0.00177974173569763,0.0103842133932935
"X7D_LINE",3.20562656904545,0.721140029722796,1.25223922815552,0.127025564395197,0.269274137063175
"X8_LINE",4.07528665870924,-0.158306667927422,0.926830676507072,0.699977305741009,0.825566901494013
"X9_LINE",1091.70297513886,11.2723808687418,1.06285508003223,1.21611239485094e-25,3.6240149366558e-23
"Zaphod2",19.0475667919354,-0.0234842251503027,0.731339810215847,0.959455661117422,0.988995998472187
"Zaphod3",53.491898587159,-0.191070028701188,0.691088712792985,0.705071031081985,0.827571260127669
"Zaphod",166.672901199443,1.38063301972186,0.362639710195213,5.11725492744548e-05,0.000579091886726109
